id,pipeline,license,class,downloads,likes,url
microsoft/TRELLIS-image-large,image-to-3d,mit,OPEN-SOURCE,1139419,657,https://huggingface.co/microsoft/TRELLIS-image-large
microsoft/TRELLIS.2-4B,image-to-3d,mit,OPEN-SOURCE,1085323,966,https://huggingface.co/microsoft/TRELLIS.2-4B
yyfz233/Pi3,image-to-3d,bsd-2-clause,OPEN-SOURCE,383538,15,https://huggingface.co/yyfz233/Pi3
stabilityai/TripoSR,image-to-3d,mit,OPEN-SOURCE,188532,630,https://huggingface.co/stabilityai/TripoSR
depth-anything/DA3-BASE,image-to-3d,apache-2.0,OPEN-SOURCE,59134,33,https://huggingface.co/depth-anything/DA3-BASE
facebook/map-anything-apache,image-to-3d,apache-2.0,OPEN-SOURCE,23098,37,https://huggingface.co/facebook/map-anything-apache
TencentARC/InstantMesh,image-to-3d,apache-2.0,OPEN-SOURCE,19164,339,https://huggingface.co/TencentARC/InstantMesh
gqk/TRELLIS-image-large-fork,image-to-3d,mit,OPEN-SOURCE,18452,2,https://huggingface.co/gqk/TRELLIS-image-large-fork
camenduru/TRELLIS.2-4B,image-to-3d,mit,OPEN-SOURCE,15344,0,https://huggingface.co/camenduru/TRELLIS.2-4B
jetx/trellis-image-large,image-to-3d,mit,OPEN-SOURCE,10210,8,https://huggingface.co/jetx/trellis-image-large
lhjiang/anysplat,image-to-3d,mit,OPEN-SOURCE,7374,12,https://huggingface.co/lhjiang/anysplat
microsoft/TRELLIS-text-xlarge,text-to-3d,mit,OPEN-SOURCE,5912,63,https://huggingface.co/microsoft/TRELLIS-text-xlarge
AvaLovelace/BrickGPT,text-to-3d,mit,OPEN-SOURCE,2997,16,https://huggingface.co/AvaLovelace/BrickGPT
openai/shap-e,text-to-3d,mit,OPEN-SOURCE,2854,277,https://huggingface.co/openai/shap-e
Stable-X/trellis-normal-v0-1,image-to-3d,mit,OPEN-SOURCE,2613,15,https://huggingface.co/Stable-X/trellis-normal-v0-1
VAST-AI/TripoSG,image-to-3d,mit,OPEN-SOURCE,2023,137,https://huggingface.co/VAST-AI/TripoSG
microsoft/TRELLIS-text-large,text-to-3d,mit,OPEN-SOURCE,1968,18,https://huggingface.co/microsoft/TRELLIS-text-large
microsoft/TRELLIS-text-base,text-to-3d,mit,OPEN-SOURCE,1452,16,https://huggingface.co/microsoft/TRELLIS-text-base
yejunliang23/ShapeLLM-7B-omni,image-to-3d,mit,OPEN-SOURCE,849,15,https://huggingface.co/yejunliang23/ShapeLLM-7B-omni
bralani01/nopo4d,image-to-3d,mit,OPEN-SOURCE,680,1,https://huggingface.co/bralani01/nopo4d
Yiwen-ntu/MeshAnythingV2,image-to-3d,mit,OPEN-SOURCE,653,26,https://huggingface.co/Yiwen-ntu/MeshAnythingV2
arabago96/ASM-model,image-to-3d,mit,OPEN-SOURCE,393,0,https://huggingface.co/arabago96/ASM-model
FreedomIntelligence/BlenderLLM,text-to-3d,apache-2.0,OPEN-SOURCE,256,45,https://huggingface.co/FreedomIntelligence/BlenderLLM
wgsxm/PartCrafter,image-to-3d,mit,OPEN-SOURCE,248,33,https://huggingface.co/wgsxm/PartCrafter
VAST-AI/MIDI-3D,image-to-3d,apache-2.0,OPEN-SOURCE,210,51,https://huggingface.co/VAST-AI/MIDI-3D
PhysX-Omni/PhysX-Omni,image-to-3d,mit,OPEN-SOURCE,174,8,https://huggingface.co/PhysX-Omni/PhysX-Omni
dptech/Uni-3DAR,text-to-3d,mit,OPEN-SOURCE,167,4,https://huggingface.co/dptech/Uni-3DAR
Luffuly/head-mvimage-diffuser,image-to-3d,mit,OPEN-SOURCE,159,2,https://huggingface.co/Luffuly/head-mvimage-diffuser
SadilKhan/NURBGen,text-to-3d,apache-2.0,OPEN-SOURCE,141,0,https://huggingface.co/SadilKhan/NURBGen
cavargas10/TRELLIS,image-to-3d,mit,OPEN-SOURCE,136,4,https://huggingface.co/cavargas10/TRELLIS
mr4425390/TRELLIS.2-4B,image-to-3d,mit,OPEN-SOURCE,111,0,https://huggingface.co/mr4425390/TRELLIS.2-4B
hellork/BlenderLLM-IQ3_XXS-GGUF,text-to-3d,apache-2.0,OPEN-SOURCE,107,6,https://huggingface.co/hellork/BlenderLLM-IQ3_XXS-GGUF
qian43/Sat3DGen,image-to-3d,mit,OPEN-SOURCE,96,6,https://huggingface.co/qian43/Sat3DGen
JSCreatorPro/offline-3d-instantmesh,image-to-3d,apache-2.0,OPEN-SOURCE,91,0,https://huggingface.co/JSCreatorPro/offline-3d-instantmesh
Rhaqbany32/TRELLIS.2-4B,image-to-3d,mit,OPEN-SOURCE,90,0,https://huggingface.co/Rhaqbany32/TRELLIS.2-4B
facebook/map-anything-apache-v1,image-to-3d,apache-2.0,OPEN-SOURCE,77,4,https://huggingface.co/facebook/map-anything-apache-v1
Bharth03/TRELLIS-image-large,image-to-3d,mit,OPEN-SOURCE,77,0,https://huggingface.co/Bharth03/TRELLIS-image-large
LocalAI-io/free-splatter.cpp,image-to-3d,apache-2.0,OPEN-SOURCE,71,1,https://huggingface.co/LocalAI-io/free-splatter.cpp
3DAIGC/LHM-1B-HF,image-to-3d,apache-2.0,OPEN-SOURCE,65,7,https://huggingface.co/3DAIGC/LHM-1B-HF
3DAIGC/LHM-500M-HF,image-to-3d,apache-2.0,OPEN-SOURCE,57,3,https://huggingface.co/3DAIGC/LHM-500M-HF
slick3r/InstantMesh,image-to-3d,apache-2.0,OPEN-SOURCE,55,0,https://huggingface.co/slick3r/InstantMesh
LMD0311/HERMES,image-to-3d,apache-2.0,OPEN-SOURCE,53,3,https://huggingface.co/LMD0311/HERMES
camenduru/TRELLIS-image-large,image-to-3d,mit,OPEN-SOURCE,53,0,https://huggingface.co/camenduru/TRELLIS-image-large
mingwu133/TRELLIS-image-large,image-to-3d,mit,OPEN-SOURCE,50,0,https://huggingface.co/mingwu133/TRELLIS-image-large
rogrocks123/TRELLIS.2-4B,image-to-3d,mit,OPEN-SOURCE,47,0,https://huggingface.co/rogrocks123/TRELLIS.2-4B
3DAIGC/LHM-500M,image-to-3d,apache-2.0,OPEN-SOURCE,45,4,https://huggingface.co/3DAIGC/LHM-500M
hmlc65/InstantMesh,image-to-3d,apache-2.0,OPEN-SOURCE,45,0,https://huggingface.co/hmlc65/InstantMesh
mlgawd/trellis-large,image-to-3d,mit,OPEN-SOURCE,42,0,https://huggingface.co/mlgawd/trellis-large
3DTopia/3DTopia-XL,image-to-3d,apache-2.0,OPEN-SOURCE,38,48,https://huggingface.co/3DTopia/3DTopia-XL
dylanebert/LGM-full,image-to-3d,mit,OPEN-SOURCE,37,3,https://huggingface.co/dylanebert/LGM-full
duhanbalci/InstantMesh,image-to-3d,apache-2.0,OPEN-SOURCE,37,0,https://huggingface.co/duhanbalci/InstantMesh
esther11/vggt-object-v0-1,image-to-3d,mit,OPEN-SOURCE,35,2,https://huggingface.co/esther11/vggt-object-v0-1
younghyeon1111/InstantMesh,image-to-3d,apache-2.0,OPEN-SOURCE,35,0,https://huggingface.co/younghyeon1111/InstantMesh
JaceyH919/Gen3R,image-to-3d,mit,OPEN-SOURCE,33,3,https://huggingface.co/JaceyH919/Gen3R
athena2634/TRELLIS.2-4B,image-to-3d,mit,OPEN-SOURCE,32,0,https://huggingface.co/athena2634/TRELLIS.2-4B
VAST-AI/TripoSG-scribble,image-to-3d,mit,OPEN-SOURCE,31,4,https://huggingface.co/VAST-AI/TripoSG-scribble
MarcusLoren/MeshGPT-preview,text-to-3d,apache-2.0,OPEN-SOURCE,31,50,https://huggingface.co/MarcusLoren/MeshGPT-preview
raovasudev762/Image_model,image-to-3d,apache-2.0,OPEN-SOURCE,30,0,https://huggingface.co/raovasudev762/Image_model
FishWoWater/TRELLIS-image-large-voxhammer,image-to-3d,mit,OPEN-SOURCE,27,0,https://huggingface.co/FishWoWater/TRELLIS-image-large-voxhammer
CharlesJoe0218/TRELLIS-image-large,image-to-3d,mit,OPEN-SOURCE,27,0,https://huggingface.co/CharlesJoe0218/TRELLIS-image-large
Surn/TRELLIS-image-large,image-to-3d,mit,OPEN-SOURCE,26,0,https://huggingface.co/Surn/TRELLIS-image-large
Charles1212Kheng/InstantMesh,image-to-3d,apache-2.0,OPEN-SOURCE,26,0,https://huggingface.co/Charles1212Kheng/InstantMesh
KevinHuang/DreamCube,image-to-3d,apache-2.0,OPEN-SOURCE,24,11,https://huggingface.co/KevinHuang/DreamCube
amitapl/InstantMesh,image-to-3d,apache-2.0,OPEN-SOURCE,24,0,https://huggingface.co/amitapl/InstantMesh
chengyuhancode/ZaowuzhiAI,text-to-3d,apache-2.0,OPEN-SOURCE,24,0,https://huggingface.co/chengyuhancode/ZaowuzhiAI
3DAIGC/LHM-1B,image-to-3d,apache-2.0,OPEN-SOURCE,23,1,https://huggingface.co/3DAIGC/LHM-1B
wushuang98/Direct3D-S2,image-to-3d,mit,OPEN-SOURCE,23,79,https://huggingface.co/wushuang98/Direct3D-S2
wgsxm/PartCrafter-Scene,image-to-3d,mit,OPEN-SOURCE,23,5,https://huggingface.co/wgsxm/PartCrafter-Scene
LTT/PRM,image-to-3d,apache-2.0,OPEN-SOURCE,22,0,https://huggingface.co/LTT/PRM
mmrech/TRELLIS.2-4B,image-to-3d,mit,OPEN-SOURCE,22,0,https://huggingface.co/mmrech/TRELLIS.2-4B
zachyuan/TRELLIS.2-4B,image-to-3d,mit,OPEN-SOURCE,22,0,https://huggingface.co/zachyuan/TRELLIS.2-4B
zhoulu/LGM-full-course-model,image-to-3d,mit,OPEN-SOURCE,21,0,https://huggingface.co/zhoulu/LGM-full-course-model
dylanebert/zero123plus-instantmesh,text-to-3d,mit,OPEN-SOURCE,21,2,https://huggingface.co/dylanebert/zero123plus-instantmesh
zenlm/zen-3d,image-to-3d,apache-2.0,OPEN-SOURCE,19,3,https://huggingface.co/zenlm/zen-3d
FishWoWater/TRELLIS-text-large-voxhammer,text-to-3d,mit,OPEN-SOURCE,19,0,https://huggingface.co/FishWoWater/TRELLIS-text-large-voxhammer
jkorstad/InstantMesh,image-to-3d,apache-2.0,OPEN-SOURCE,18,2,https://huggingface.co/jkorstad/InstantMesh
dylanebert/InstantMesh,image-to-3d,mit,OPEN-SOURCE,17,3,https://huggingface.co/dylanebert/InstantMesh
wwwwwwis/TRELLIS.2-4B,image-to-3d,mit,OPEN-SOURCE,17,0,https://huggingface.co/wwwwwwis/TRELLIS.2-4B
mancub/TRELLIS.2-4B,image-to-3d,mit,OPEN-SOURCE,15,1,https://huggingface.co/mancub/TRELLIS.2-4B
maxaurinmarley/TRELLIS.2-4B,image-to-3d,mit,OPEN-SOURCE,15,0,https://huggingface.co/maxaurinmarley/TRELLIS.2-4B
JSCreatorPro/offline-3d-shap-e,text-to-3d,mit,OPEN-SOURCE,15,0,https://huggingface.co/JSCreatorPro/offline-3d-shap-e
dmolino/RAGText2CT,text-to-3d,apache-2.0,OPEN-SOURCE,15,0,https://huggingface.co/dmolino/RAGText2CT
wwwwwwis/TRELLIS-image-large-GPU,image-to-3d,mit,OPEN-SOURCE,14,0,https://huggingface.co/wwwwwwis/TRELLIS-image-large-GPU
brodatech/triposr-onnx,image-to-3d,mit,OPEN-SOURCE,14,1,https://huggingface.co/brodatech/triposr-onnx
Jinstudio/TripoSG-scribble,image-to-3d,mit,OPEN-SOURCE,14,0,https://huggingface.co/Jinstudio/TripoSG-scribble
Heliosoph/triposr-onnx,image-to-3d,mit,OPEN-SOURCE,13,0,https://huggingface.co/Heliosoph/triposr-onnx
Jinstudio/TripoSG,image-to-3d,mit,OPEN-SOURCE,13,1,https://huggingface.co/Jinstudio/TripoSG
arabago96/TRELLIS-backup,image-to-3d,mit,OPEN-SOURCE,12,0,https://huggingface.co/arabago96/TRELLIS-backup
Zery/MVPixart-DiT-L-2-512-px,text-to-3d,apache-2.0,OPEN-SOURCE,12,2,https://huggingface.co/Zery/MVPixart-DiT-L-2-512-px
larsquaedvlieg/TRELLIS-image-large-fork,image-to-3d,mit,OPEN-SOURCE,11,0,https://huggingface.co/larsquaedvlieg/TRELLIS-image-large-fork
HenryJr102126/TRELLIS.2-4B,image-to-3d,mit,OPEN-SOURCE,11,0,https://huggingface.co/HenryJr102126/TRELLIS.2-4B
kp-forks/InstantMesh,image-to-3d,apache-2.0,OPEN-SOURCE,10,0,https://huggingface.co/kp-forks/InstantMesh
ImrozeAslamMalik/InstantMesh-test,image-to-3d,apache-2.0,OPEN-SOURCE,10,0,https://huggingface.co/ImrozeAslamMalik/InstantMesh-test
Rayonapp/TRELLIS,image-to-3d,mit,OPEN-SOURCE,10,0,https://huggingface.co/Rayonapp/TRELLIS
dmolino/text2ct-weights,text-to-3d,apache-2.0,OPEN-SOURCE,10,2,https://huggingface.co/dmolino/text2ct-weights
jsnavarroo/TRELLIS-text-base,text-to-3d,mit,OPEN-SOURCE,10,0,https://huggingface.co/jsnavarroo/TRELLIS-text-base
KokkakNiphon/TRELLIS.2-4B,image-to-3d,mit,OPEN-SOURCE,9,0,https://huggingface.co/KokkakNiphon/TRELLIS.2-4B
HenryJr102126/henry3dia,image-to-3d,mit,OPEN-SOURCE,9,0,https://huggingface.co/HenryJr102126/henry3dia
Jinstudio/TripoSR,image-to-3d,mit,OPEN-SOURCE,9,0,https://huggingface.co/Jinstudio/TripoSR
cavargas10/TRELLIS-text-xlarge,text-to-3d,mit,OPEN-SOURCE,9,0,https://huggingface.co/cavargas10/TRELLIS-text-xlarge
chaitnya26/TRELLIS-text-xlarge-fork,text-to-3d,mit,OPEN-SOURCE,9,0,https://huggingface.co/chaitnya26/TRELLIS-text-xlarge-fork
prostochel097/alpha3D-v1,text-to-3d,apache-2.0,OPEN-SOURCE,9,0,https://huggingface.co/prostochel097/alpha3D-v1
3DAIGC/LHM,image-to-3d,apache-2.0,OPEN-SOURCE,8,20,https://huggingface.co/3DAIGC/LHM
Circova/TRELLIS-image-large,image-to-3d,mit,OPEN-SOURCE,8,0,https://huggingface.co/Circova/TRELLIS-image-large
Aryanzhf/DreamView,image-to-3d,mit,OPEN-SOURCE,8,0,https://huggingface.co/Aryanzhf/DreamView
davidleiva4999/TRELLIS-text-xlarge,text-to-3d,mit,OPEN-SOURCE,8,0,https://huggingface.co/davidleiva4999/TRELLIS-text-xlarge
jacobperalesfx/TRELLIS.2-4B,image-to-3d,mit,OPEN-SOURCE,7,0,https://huggingface.co/jacobperalesfx/TRELLIS.2-4B
TrianC0de/TripoSR,image-to-3d,mit,OPEN-SOURCE,6,1,https://huggingface.co/TrianC0de/TripoSR
UPJeffW/TRELLIS-image-large,image-to-3d,mit,OPEN-SOURCE,6,0,https://huggingface.co/UPJeffW/TRELLIS-image-large
zmorllt/TRELLIS.2-4B,image-to-3d,mit,OPEN-SOURCE,6,0,https://huggingface.co/zmorllt/TRELLIS.2-4B
Hsdfdw/TRELLIS.2-4B,image-to-3d,mit,OPEN-SOURCE,6,0,https://huggingface.co/Hsdfdw/TRELLIS.2-4B
lamm-mit/TRELLIS.2-4B,image-to-3d,mit,OPEN-SOURCE,6,0,https://huggingface.co/lamm-mit/TRELLIS.2-4B
JSCreatorPro/offline-3d-triposr,image-to-3d,mit,OPEN-SOURCE,6,1,https://huggingface.co/JSCreatorPro/offline-3d-triposr
Hanselanddolph/TRELLIS.2-4B,image-to-3d,mit,OPEN-SOURCE,6,0,https://huggingface.co/Hanselanddolph/TRELLIS.2-4B
gzzyyxy/layout_diffusion_scannetpp_prompt_one_hot_multi_control_bs32_epoch18,text-to-3d,apache-2.0,OPEN-SOURCE,6,2,https://huggingface.co/gzzyyxy/layout_diffusion_scannetpp_prompt_one_hot_multi_control_bs32_epoch18
gqk/TRELLIS-text-large-fork,text-to-3d,mit,OPEN-SOURCE,6,0,https://huggingface.co/gqk/TRELLIS-text-large-fork
dylanebert/MeshAnythingV2,image-to-3d,mit,OPEN-SOURCE,5,1,https://huggingface.co/dylanebert/MeshAnythingV2
Manojb/TRELLIS-image-large,image-to-3d,mit,OPEN-SOURCE,5,0,https://huggingface.co/Manojb/TRELLIS-image-large
togawa83/TripoSRSafetensors,image-to-3d,mit,OPEN-SOURCE,5,0,https://huggingface.co/togawa83/TripoSRSafetensors
Zery/MVPixArt-XL-2-512x512_sv3d,text-to-3d,apache-2.0,OPEN-SOURCE,5,3,https://huggingface.co/Zery/MVPixArt-XL-2-512x512_sv3d
aimi-models/triposr,image-to-3d,mit,OPEN-SOURCE,4,0,https://huggingface.co/aimi-models/triposr
binhe2top/TripoSR,image-to-3d,mit,OPEN-SOURCE,4,0,https://huggingface.co/binhe2top/TripoSR
WasabiOctopus/LGM,image-to-3d,mit,OPEN-SOURCE,4,0,https://huggingface.co/WasabiOctopus/LGM
gzzyyxy/layout_diffusion_hypersim_prompt_one_hot_multi_control_bs32_epoch24,text-to-3d,apache-2.0,OPEN-SOURCE,4,2,https://huggingface.co/gzzyyxy/layout_diffusion_hypersim_prompt_one_hot_multi_control_bs32_epoch24
gqk/TRELLIS-text-xlarge-fork,text-to-3d,mit,OPEN-SOURCE,4,0,https://huggingface.co/gqk/TRELLIS-text-xlarge-fork
Manojb/TRELLIS-text-large,text-to-3d,mit,OPEN-SOURCE,4,0,https://huggingface.co/Manojb/TRELLIS-text-large
atomkevich/LGM-full,image-to-3d,mit,OPEN-SOURCE,3,1,https://huggingface.co/atomkevich/LGM-full
gordon-0115/Images-3Dmodel,image-to-3d,mit,OPEN-SOURCE,3,1,https://huggingface.co/gordon-0115/Images-3Dmodel
shakamone/trellis-large,image-to-3d,mit,OPEN-SOURCE,3,0,https://huggingface.co/shakamone/trellis-large
2hzXie/LGM,image-to-3d,mit,OPEN-SOURCE,3,0,https://huggingface.co/2hzXie/LGM
hugsam/PluckeRF,image-to-3d,apache-2.0,OPEN-SOURCE,3,1,https://huggingface.co/hugsam/PluckeRF
kp-forks/TRELLIS-image-large,image-to-3d,mit,OPEN-SOURCE,3,0,https://huggingface.co/kp-forks/TRELLIS-image-large
ApacheOne/ComfyUI-pixel-perfect-depth,image-to-3d,apache-2.0,OPEN-SOURCE,3,0,https://huggingface.co/ApacheOne/ComfyUI-pixel-perfect-depth
dewper/Deewper-3d-engine,image-to-3d,mit,OPEN-SOURCE,3,0,https://huggingface.co/dewper/Deewper-3d-engine
zieves/TripoSR,image-to-3d,mit,OPEN-SOURCE,3,0,https://huggingface.co/zieves/TripoSR
9yuan11/LGM-full,image-to-3d,mit,OPEN-SOURCE,3,0,https://huggingface.co/9yuan11/LGM-full
yangyd/anysplat,image-to-3d,mit,OPEN-SOURCE,3,0,https://huggingface.co/yangyd/anysplat
aboud79/TripoSR,image-to-3d,mit,OPEN-SOURCE,3,0,https://huggingface.co/aboud79/TripoSR
Orvixgames/TripoSR,image-to-3d,mit,OPEN-SOURCE,3,0,https://huggingface.co/Orvixgames/TripoSR
Jinstudio/TRELLIS-image-large,image-to-3d,mit,OPEN-SOURCE,3,0,https://huggingface.co/Jinstudio/TRELLIS-image-large
CShah2218/TRELLIS.2-4B,image-to-3d,mit,OPEN-SOURCE,3,0,https://huggingface.co/CShah2218/TRELLIS.2-4B
jonquimbly/shap-e,text-to-3d,mit,OPEN-SOURCE,3,2,https://huggingface.co/jonquimbly/shap-e
Jinstudio/TRELLIS-text-base,text-to-3d,mit,OPEN-SOURCE,3,0,https://huggingface.co/Jinstudio/TRELLIS-text-base
Jinstudio/TRELLIS-text-large,text-to-3d,mit,OPEN-SOURCE,3,0,https://huggingface.co/Jinstudio/TRELLIS-text-large
Jinstudio/TRELLIS-text-xlarge,text-to-3d,mit,OPEN-SOURCE,3,0,https://huggingface.co/Jinstudio/TRELLIS-text-xlarge
impactframes/3DTopia-XL,image-to-3d,apache-2.0,OPEN-SOURCE,2,2,https://huggingface.co/impactframes/3DTopia-XL
ztmmey/LGM-first,image-to-3d,mit,OPEN-SOURCE,2,0,https://huggingface.co/ztmmey/LGM-first
ameerazam08/MIDI-3D,image-to-3d,apache-2.0,OPEN-SOURCE,2,0,https://huggingface.co/ameerazam08/MIDI-3D
usamashami-sfy/TRELLIS,image-to-3d,mit,OPEN-SOURCE,2,0,https://huggingface.co/usamashami-sfy/TRELLIS
Manojb/TripoSR,image-to-3d,mit,OPEN-SOURCE,2,0,https://huggingface.co/Manojb/TripoSR
Shashanksp08/shashank_final_capstone,image-to-3d,mit,OPEN-SOURCE,2,1,https://huggingface.co/Shashanksp08/shashank_final_capstone
IMasI2Cat/LGM-3DML,image-to-3d,mit,OPEN-SOURCE,2,0,https://huggingface.co/IMasI2Cat/LGM-3DML
N0zero0d/TripoSR,image-to-3d,mit,OPEN-SOURCE,2,0,https://huggingface.co/N0zero0d/TripoSR
zxh6666/lgm,image-to-3d,mit,OPEN-SOURCE,2,0,https://huggingface.co/zxh6666/lgm
samletnorge/TRELLIS.2-4B,image-to-3d,mit,OPEN-SOURCE,2,0,https://huggingface.co/samletnorge/TRELLIS.2-4B
brneo/TripoSG,image-to-3d,mit,OPEN-SOURCE,2,0,https://huggingface.co/brneo/TripoSG
introvoyz041/TripoSR,image-to-3d,mit,OPEN-SOURCE,2,0,https://huggingface.co/introvoyz041/TripoSR
Jinstudio/TRELLIS.2-4B,image-to-3d,mit,OPEN-SOURCE,2,1,https://huggingface.co/Jinstudio/TRELLIS.2-4B
larsquaedvlieg/TRELLIS-text-xlarge-fork,text-to-3d,mit,OPEN-SOURCE,2,0,https://huggingface.co/larsquaedvlieg/TRELLIS-text-xlarge-fork
GatorBarbarian/TRELLIS-text-xlarge-clone,text-to-3d,mit,OPEN-SOURCE,2,0,https://huggingface.co/GatorBarbarian/TRELLIS-text-xlarge-clone
Xeracle/LGM-test,image-to-3d,mit,OPEN-SOURCE,1,0,https://huggingface.co/Xeracle/LGM-test
shankartr123/LGM,image-to-3d,mit,OPEN-SOURCE,1,1,https://huggingface.co/shankartr123/LGM
haf1g/LGM-Test,image-to-3d,mit,OPEN-SOURCE,1,0,https://huggingface.co/haf1g/LGM-Test
2gnak/LGM-demo,image-to-3d,mit,OPEN-SOURCE,1,1,https://huggingface.co/2gnak/LGM-demo
jamesmcbennett/MVMesh,image-to-3d,mit,OPEN-SOURCE,1,0,https://huggingface.co/jamesmcbennett/MVMesh
canyonhitch/LGM,image-to-3d,mit,OPEN-SOURCE,1,0,https://huggingface.co/canyonhitch/LGM
pimeson314/3d-gen,image-to-3d,mit,OPEN-SOURCE,1,0,https://huggingface.co/pimeson314/3d-gen
iloncka/LGM-full-demo,image-to-3d,mit,OPEN-SOURCE,1,0,https://huggingface.co/iloncka/LGM-full-demo
Ryukijano/LGM,image-to-3d,mit,OPEN-SOURCE,1,0,https://huggingface.co/Ryukijano/LGM
kumarvk001/LGM-full,image-to-3d,mit,OPEN-SOURCE,1,0,https://huggingface.co/kumarvk001/LGM-full
dodawg0/LGM,image-to-3d,mit,OPEN-SOURCE,1,0,https://huggingface.co/dodawg0/LGM
tanittha/LGM-test,image-to-3d,mit,OPEN-SOURCE,1,0,https://huggingface.co/tanittha/LGM-test
Phani0404/mlfor3D,image-to-3d,mit,OPEN-SOURCE,1,0,https://huggingface.co/Phani0404/mlfor3D
MonsterMMORPG/SECourses_Rock,image-to-3d,mit,OPEN-SOURCE,1,0,https://huggingface.co/MonsterMMORPG/SECourses_Rock
ImrozeAslamMalik/LGM-full-test,image-to-3d,mit,OPEN-SOURCE,1,0,https://huggingface.co/ImrozeAslamMalik/LGM-full-test
prabhasg5/LGM,image-to-3d,mit,OPEN-SOURCE,1,0,https://huggingface.co/prabhasg5/LGM
davidleiva4999/TRELLIS-text-large,image-to-3d,mit,OPEN-SOURCE,1,0,https://huggingface.co/davidleiva4999/TRELLIS-text-large
josefgst/LGM,image-to-3d,mit,OPEN-SOURCE,1,0,https://huggingface.co/josefgst/LGM
akhild2004/LGM-full,image-to-3d,mit,OPEN-SOURCE,1,0,https://huggingface.co/akhild2004/LGM-full
marianaas8/LGM,image-to-3d,mit,OPEN-SOURCE,1,0,https://huggingface.co/marianaas8/LGM
IbrahimEssam/LGM,image-to-3d,mit,OPEN-SOURCE,1,0,https://huggingface.co/IbrahimEssam/LGM
akanshpatel/LGM-Test,image-to-3d,mit,OPEN-SOURCE,1,0,https://huggingface.co/akanshpatel/LGM-Test
kp-forks/TripoSR,image-to-3d,mit,OPEN-SOURCE,1,0,https://huggingface.co/kp-forks/TripoSR
Einai-AI/LGM,image-to-3d,mit,OPEN-SOURCE,1,0,https://huggingface.co/Einai-AI/LGM
BinguW/LGM-learn,image-to-3d,mit,OPEN-SOURCE,1,0,https://huggingface.co/BinguW/LGM-learn
shantanugupta2004/LGM-model,image-to-3d,mit,OPEN-SOURCE,1,0,https://huggingface.co/shantanugupta2004/LGM-model
Sohom2003/LGM-test,image-to-3d,mit,OPEN-SOURCE,1,0,https://huggingface.co/Sohom2003/LGM-test
gen-lab/TripoSG,image-to-3d,mit,OPEN-SOURCE,1,0,https://huggingface.co/gen-lab/TripoSG
spizzerp/LAM-20K-CoreML,image-to-3d,apache-2.0,OPEN-SOURCE,1,0,https://huggingface.co/spizzerp/LAM-20K-CoreML
aerovfx/TRELLIS.2-4B,image-to-3d,mit,OPEN-SOURCE,1,0,https://huggingface.co/aerovfx/TRELLIS.2-4B
hivenimbus/TRELLIS.2-4B,image-to-3d,mit,OPEN-SOURCE,1,0,https://huggingface.co/hivenimbus/TRELLIS.2-4B
sun4o/TripoSR,image-to-3d,mit,OPEN-SOURCE,1,0,https://huggingface.co/sun4o/TripoSR
jpuri/LGM-full,image-to-3d,mit,OPEN-SOURCE,1,0,https://huggingface.co/jpuri/LGM-full
gqk/TRELLIS-text-base-fork,text-to-3d,mit,OPEN-SOURCE,1,0,https://huggingface.co/gqk/TRELLIS-text-base-fork
larsquaedvlieg/TRELLIS-text-large-fork,text-to-3d,mit,OPEN-SOURCE,1,0,https://huggingface.co/larsquaedvlieg/TRELLIS-text-large-fork
cvlab/zero123-weights,image-to-3d,mit,OPEN-SOURCE,0,23,https://huggingface.co/cvlab/zero123-weights
dylanebert/En3D-human-animation,image-to-3d,apache-2.0,OPEN-SOURCE,0,14,https://huggingface.co/dylanebert/En3D-human-animation
dylanebert/SyncDreamer,image-to-3d,mit,OPEN-SOURCE,0,5,https://huggingface.co/dylanebert/SyncDreamer
dylanebert/pixelSplat,image-to-3d,mit,OPEN-SOURCE,0,7,https://huggingface.co/dylanebert/pixelSplat
VAST-AI/TriplaneGaussian,image-to-3d,apache-2.0,OPEN-SOURCE,0,87,https://huggingface.co/VAST-AI/TriplaneGaussian
Luizinftr/TESTE,image-to-3d,apache-2.0,OPEN-SOURCE,0,1,https://huggingface.co/Luizinftr/TESTE
dylanebert/ROMP,image-to-3d,apache-2.0,OPEN-SOURCE,0,4,https://huggingface.co/dylanebert/ROMP
Zhengyi/CRM,image-to-3d,mit,OPEN-SOURCE,0,60,https://huggingface.co/Zhengyi/CRM
julienkay/TripoSR,image-to-3d,mit,OPEN-SOURCE,0,2,https://huggingface.co/julienkay/TripoSR
pkunliu/Isotropic3D,image-to-3d,mit,OPEN-SOURCE,0,11,https://huggingface.co/pkunliu/Isotropic3D
szymanowiczs/splatter-image-v1,image-to-3d,mit,OPEN-SOURCE,0,4,https://huggingface.co/szymanowiczs/splatter-image-v1
dylanebert/LGM,image-to-3d,mit,OPEN-SOURCE,0,7,https://huggingface.co/dylanebert/LGM
hjebuoebduede/BRICK,image-to-3d,apache-2.0,OPEN-SOURCE,0,0,https://huggingface.co/hjebuoebduede/BRICK
TANGsy/triplane_value,image-to-3d,apache-2.0,OPEN-SOURCE,0,1,https://huggingface.co/TANGsy/triplane_value
zjpshadow/CharacterGen,image-to-3d,apache-2.0,OPEN-SOURCE,0,25,https://huggingface.co/zjpshadow/CharacterGen
hwjiang/Real3D,image-to-3d,mit,OPEN-SOURCE,0,19,https://huggingface.co/hwjiang/Real3D
jkulhanek/wild-gaussians,image-to-3d,mit,OPEN-SOURCE,0,0,https://huggingface.co/jkulhanek/wild-gaussians
fgkhvgkv/model,image-to-3d,mit,OPEN-SOURCE,0,0,https://huggingface.co/fgkhvgkv/model
ahmetyaylalioglu/multiview-diffusion-synthesis-LGM,image-to-3d,mit,OPEN-SOURCE,0,0,https://huggingface.co/ahmetyaylalioglu/multiview-diffusion-synthesis-LGM
vulture990/2D-image-3D,image-to-3d,mit,OPEN-SOURCE,0,0,https://huggingface.co/vulture990/2D-image-3D
vulture990/2D-3D,image-to-3d,mit,OPEN-SOURCE,0,0,https://huggingface.co/vulture990/2D-3D
xiaobiaodu/dreamcar123,image-to-3d,mit,OPEN-SOURCE,0,2,https://huggingface.co/xiaobiaodu/dreamcar123
LandonValentine604/LGM-test,image-to-3d,mit,OPEN-SOURCE,0,0,https://huggingface.co/LandonValentine604/LGM-test
LandonValentine604/LGM-full,image-to-3d,mit,OPEN-SOURCE,0,0,https://huggingface.co/LandonValentine604/LGM-full
nielsr/meshanythingv2,image-to-3d,mit,OPEN-SOURCE,0,0,https://huggingface.co/nielsr/meshanythingv2
jayc0207/LGM-full,image-to-3d,mit,OPEN-SOURCE,0,0,https://huggingface.co/jayc0207/LGM-full
Thever/LGM-Thever,image-to-3d,mit,OPEN-SOURCE,0,0,https://huggingface.co/Thever/LGM-Thever
kumarhans/LGM,image-to-3d,mit,OPEN-SOURCE,0,0,https://huggingface.co/kumarhans/LGM
jmlien/lgm-haha,image-to-3d,mit,OPEN-SOURCE,0,0,https://huggingface.co/jmlien/lgm-haha
huanngzh/Ouroboros3D-SVD-LGM,image-to-3d,apache-2.0,OPEN-SOURCE,0,2,https://huggingface.co/huanngzh/Ouroboros3D-SVD-LGM
OzeroDev/LGM-model,image-to-3d,mit,OPEN-SOURCE,0,0,https://huggingface.co/OzeroDev/LGM-model
a4mula/LGM-test,image-to-3d,mit,OPEN-SOURCE,0,0,https://huggingface.co/a4mula/LGM-test
hbyang/Hi3D,image-to-3d,mit,OPEN-SOURCE,0,5,https://huggingface.co/hbyang/Hi3D
bhuvanmdev/LGM-f,image-to-3d,mit,OPEN-SOURCE,0,0,https://huggingface.co/bhuvanmdev/LGM-f
mybluedog24/LGM-test,image-to-3d,mit,OPEN-SOURCE,0,0,https://huggingface.co/mybluedog24/LGM-test
roshikhan301/stable3d,image-to-3d,mit,OPEN-SOURCE,0,0,https://huggingface.co/roshikhan301/stable3d
yuxuanx/human3diffusion,image-to-3d,mit,OPEN-SOURCE,0,1,https://huggingface.co/yuxuanx/human3diffusion
heye0507/LucidFusion,image-to-3d,mit,OPEN-SOURCE,0,14,https://huggingface.co/heye0507/LucidFusion
wenqsun/DimensionX,image-to-3d,apache-2.0,OPEN-SOURCE,0,61,https://huggingface.co/wenqsun/DimensionX
yuxuanx/gen3diffusion,image-to-3d,mit,OPEN-SOURCE,0,0,https://huggingface.co/yuxuanx/gen3diffusion
OgSkqirt/Old1,image-to-3d,apache-2.0,OPEN-SOURCE,0,0,https://huggingface.co/OgSkqirt/Old1
xysun917/GDM-object,image-to-3d,mit,OPEN-SOURCE,0,1,https://huggingface.co/xysun917/GDM-object
xysun917/GDM-scene,image-to-3d,mit,OPEN-SOURCE,0,1,https://huggingface.co/xysun917/GDM-scene
TencentARC/FreeSplatter,image-to-3d,apache-2.0,OPEN-SOURCE,0,7,https://huggingface.co/TencentARC/FreeSplatter
Andyx/TEXGen,image-to-3d,apache-2.0,OPEN-SOURCE,0,6,https://huggingface.co/Andyx/TEXGen
Ashiedu/LGM-full,image-to-3d,mit,OPEN-SOURCE,0,0,https://huggingface.co/Ashiedu/LGM-full
kushbhargav/3d_image,image-to-3d,mit,OPEN-SOURCE,0,0,https://huggingface.co/kushbhargav/3d_image
Aethonixa/Synthara,image-to-3d,bsl-1.0,OPEN-SOURCE,0,0,https://huggingface.co/Aethonixa/Synthara
chernikov1/test,image-to-3d,apache-2.0,OPEN-SOURCE,0,1,https://huggingface.co/chernikov1/test
Inovira/Inovira.ia,image-to-3d,apache-2.0,OPEN-SOURCE,0,0,https://huggingface.co/Inovira/Inovira.ia
Mariam-Elz/CRM,image-to-3d,mit,OPEN-SOURCE,0,0,https://huggingface.co/Mariam-Elz/CRM
AntResearch/FLARE,image-to-3d,apache-2.0,OPEN-SOURCE,0,1,https://huggingface.co/AntResearch/FLARE
Yuyang-z/genxd,image-to-3d,apache-2.0,OPEN-SOURCE,0,18,https://huggingface.co/Yuyang-z/genxd
yxuan/Plane-DUSt3R,image-to-3d,mit,OPEN-SOURCE,0,2,https://huggingface.co/yxuan/Plane-DUSt3R
hyz317/StdGEN,image-to-3d,apache-2.0,OPEN-SOURCE,0,16,https://huggingface.co/hyz317/StdGEN
zhang3z/FLARE_NVS,image-to-3d,apache-2.0,OPEN-SOURCE,0,0,https://huggingface.co/zhang3z/FLARE_NVS
lzq49/VicaSplat,image-to-3d,apache-2.0,OPEN-SOURCE,0,1,https://huggingface.co/lzq49/VicaSplat
VAST-AI/TripoSF,image-to-3d,mit,OPEN-SOURCE,0,54,https://huggingface.co/VAST-AI/TripoSF
openvoyage/voyage-3d,image-to-3d,mit,OPEN-SOURCE,0,0,https://huggingface.co/openvoyage/voyage-3d
XNIBXL/MODEL2,image-to-3d,apache-2.0,OPEN-SOURCE,0,0,https://huggingface.co/XNIBXL/MODEL2
donydchen/matchnerf,image-to-3d,mit,OPEN-SOURCE,0,0,https://huggingface.co/donydchen/matchnerf
LutaoJiang/DiMeR,image-to-3d,apache-2.0,OPEN-SOURCE,0,5,https://huggingface.co/LutaoJiang/DiMeR
PromptTown/trellis-image-large,image-to-3d,mit,OPEN-SOURCE,0,0,https://huggingface.co/PromptTown/trellis-image-large
lhmd/ZPressor,image-to-3d,mit,OPEN-SOURCE,0,3,https://huggingface.co/lhmd/ZPressor
rishitdagli/squeeze3d,image-to-3d,apache-2.0,OPEN-SOURCE,0,2,https://huggingface.co/rishitdagli/squeeze3d
Manojb/trellis-normal-v0-1,image-to-3d,mit,OPEN-SOURCE,0,0,https://huggingface.co/Manojb/trellis-normal-v0-1
Manojb/TRELLIS,image-to-3d,mit,OPEN-SOURCE,0,0,https://huggingface.co/Manojb/TRELLIS
Manojb/3DTopia-XL,image-to-3d,apache-2.0,OPEN-SOURCE,0,0,https://huggingface.co/Manojb/3DTopia-XL
Hammad1234434/pakX,image-to-3d,apache-2.0,OPEN-SOURCE,0,0,https://huggingface.co/Hammad1234434/pakX
Skywork/Matrix-3D,image-to-3d,mit,OPEN-SOURCE,0,51,https://huggingface.co/Skywork/Matrix-3D
Louischong/Trellis-OA,image-to-3d,mit,OPEN-SOURCE,0,1,https://huggingface.co/Louischong/Trellis-OA
jev-aleks/SceneDINO,image-to-3d,apache-2.0,OPEN-SOURCE,0,1,https://huggingface.co/jev-aleks/SceneDINO
chijw/LangScene-X,image-to-3d,mit,OPEN-SOURCE,0,5,https://huggingface.co/chijw/LangScene-X
RoyYang0714/3D-MOOD,image-to-3d,apache-2.0,OPEN-SOURCE,0,2,https://huggingface.co/RoyYang0714/3D-MOOD
Gynjn/iLRM,image-to-3d,mit,OPEN-SOURCE,0,1,https://huggingface.co/Gynjn/iLRM
BatofGo/DeGauss_ckpts,image-to-3d,bsd-2-clause,OPEN-SOURCE,0,0,https://huggingface.co/BatofGo/DeGauss_ckpts
joonsu0109/vpocc-sscbench-kitti360,image-to-3d,mit,OPEN-SOURCE,0,0,https://huggingface.co/joonsu0109/vpocc-sscbench-kitti360
joonsu0109/vpocc-semantickitti,image-to-3d,mit,OPEN-SOURCE,0,0,https://huggingface.co/joonsu0109/vpocc-semantickitti
joonsu0109/vpocc-symphonies-maskdino,image-to-3d,mit,OPEN-SOURCE,0,0,https://huggingface.co/joonsu0109/vpocc-symphonies-maskdino
HorizonRobotics/Uni3R,image-to-3d,apache-2.0,OPEN-SOURCE,0,0,https://huggingface.co/HorizonRobotics/Uni3R
haoningwu/SceneGen,image-to-3d,mit,OPEN-SOURCE,0,12,https://huggingface.co/haoningwu/SceneGen
zhangganlin/vista_slam,image-to-3d,apache-2.0,OPEN-SOURCE,0,1,https://huggingface.co/zhangganlin/vista_slam
Stable-X/trellis-vggt-v0-1,image-to-3d,mit,OPEN-SOURCE,0,3,https://huggingface.co/Stable-X/trellis-vggt-v0-1
mystorm/FastVGGT,image-to-3d,mit,OPEN-SOURCE,0,2,https://huggingface.co/mystorm/FastVGGT
fcy99/RobustSplat-checkpoints,image-to-3d,mit,OPEN-SOURCE,0,2,https://huggingface.co/fcy99/RobustSplat-checkpoints
lhmd/VolSplat,image-to-3d,mit,OPEN-SOURCE,0,9,https://huggingface.co/lhmd/VolSplat
gulsahsak/1.1,image-to-3d,apache-2.0,OPEN-SOURCE,0,0,https://huggingface.co/gulsahsak/1.1
wlfeng/QuantVGGT,image-to-3d,mit,OPEN-SOURCE,0,0,https://huggingface.co/wlfeng/QuantVGGT
Fictionary/GeoSVR,image-to-3d,apache-2.0,OPEN-SOURCE,0,0,https://huggingface.co/Fictionary/GeoSVR
CaiYuanhao/DiffusionGS,image-to-3d,apache-2.0,OPEN-SOURCE,0,1,https://huggingface.co/CaiYuanhao/DiffusionGS
Stable-X/trellis-vggt-v0-2,image-to-3d,mit,OPEN-SOURCE,0,5,https://huggingface.co/Stable-X/trellis-vggt-v0-2
xishushu/SyncHuman,image-to-3d,mit,OPEN-SOURCE,0,4,https://huggingface.co/xishushu/SyncHuman
UniLat3D/UniLat3D,image-to-3d,mit,OPEN-SOURCE,0,2,https://huggingface.co/UniLat3D/UniLat3D
jayinnn/Skyfall-GS-ply,image-to-3d,apache-2.0,OPEN-SOURCE,0,4,https://huggingface.co/jayinnn/Skyfall-GS-ply
camenduru/SceneGen,image-to-3d,mit,OPEN-SOURCE,0,0,https://huggingface.co/camenduru/SceneGen
Caoza/PhysX-Anything,image-to-3d,mit,OPEN-SOURCE,0,9,https://huggingface.co/Caoza/PhysX-Anything
AIExxplorer/AIEXX_GENAI_IMAGE_TO_3D,image-to-3d,apache-2.0,OPEN-SOURCE,0,3,https://huggingface.co/AIExxplorer/AIEXX_GENAI_IMAGE_TO_3D
Goodsleepeverday/fastgs,image-to-3d,mit,OPEN-SOURCE,0,4,https://huggingface.co/Goodsleepeverday/fastgs
Intellindust/SKEL_CF_vitpose_H,image-to-3d,apache-2.0,OPEN-SOURCE,0,3,https://huggingface.co/Intellindust/SKEL_CF_vitpose_H
Livioni/OmniVGGT,image-to-3d,mit,OPEN-SOURCE,0,7,https://huggingface.co/Livioni/OmniVGGT
esther11/trellis-vggt-v0-2,image-to-3d,mit,OPEN-SOURCE,0,3,https://huggingface.co/esther11/trellis-vggt-v0-2
gum-tech/horizonnet-resnet50-rnn,image-to-3d,mit,OPEN-SOURCE,0,0,https://huggingface.co/gum-tech/horizonnet-resnet50-rnn
ZhijianShu/LiteVGGT,image-to-3d,mit,OPEN-SOURCE,0,2,https://huggingface.co/ZhijianShu/LiteVGGT
ziqima/Steer3D,image-to-3d,mit,OPEN-SOURCE,0,2,https://huggingface.co/ziqima/Steer3D
lizb6626/SS4D,image-to-3d,mit,OPEN-SOURCE,0,1,https://huggingface.co/lizb6626/SS4D
infinith/UltraShape,image-to-3d,apache-2.0,OPEN-SOURCE,0,114,https://huggingface.co/infinith/UltraShape
g3splat/g3splat,image-to-3d,mit,OPEN-SOURCE,0,0,https://huggingface.co/g3splat/g3splat
IntimeAI/Miro,image-to-3d,apache-2.0,OPEN-SOURCE,0,22,https://huggingface.co/IntimeAI/Miro
Menoviar28/menov1,image-to-3d,apache-2.0,OPEN-SOURCE,0,0,https://huggingface.co/Menoviar28/menov1
jc-builds/triposr-ios,image-to-3d,mit,OPEN-SOURCE,0,8,https://huggingface.co/jc-builds/triposr-ios
mexdyf/Sim-3DAfford,image-to-3d,mit,OPEN-SOURCE,0,0,https://huggingface.co/mexdyf/Sim-3DAfford
qq456cvb/img2cad,image-to-3d,mit,OPEN-SOURCE,0,1,https://huggingface.co/qq456cvb/img2cad
hbb1/Cupid,image-to-3d,mit,OPEN-SOURCE,0,0,https://huggingface.co/hbb1/Cupid
babayagaz/SyncDreamer,image-to-3d,mit,OPEN-SOURCE,0,0,https://huggingface.co/babayagaz/SyncDreamer
sada-group/CryoLithe,image-to-3d,mit,OPEN-SOURCE,0,0,https://huggingface.co/sada-group/CryoLithe
charshinbyte/Cupid,image-to-3d,mit,OPEN-SOURCE,0,0,https://huggingface.co/charshinbyte/Cupid
swum/InstantMesh,image-to-3d,apache-2.0,OPEN-SOURCE,0,0,https://huggingface.co/swum/InstantMesh
VAST-AI/AniGen,image-to-3d,mit,OPEN-SOURCE,0,14,https://huggingface.co/VAST-AI/AniGen
Therealsickonechase-bit/TSO,image-to-3d,apache-2.0,OPEN-SOURCE,0,0,https://huggingface.co/Therealsickonechase-bit/TSO
ImJongminPark/EcoSplat,image-to-3d,apache-2.0,OPEN-SOURCE,0,0,https://huggingface.co/ImJongminPark/EcoSplat
haofeixu/resplat,image-to-3d,mit,OPEN-SOURCE,0,10,https://huggingface.co/haofeixu/resplat
zjh21/UNICA,image-to-3d,mit,OPEN-SOURCE,0,2,https://huggingface.co/zjh21/UNICA
Christopher-Lim/GraphiContact,image-to-3d,mit,OPEN-SOURCE,0,1,https://huggingface.co/Christopher-Lim/GraphiContact
anhquancao/OccAny,image-to-3d,apache-2.0,OPEN-SOURCE,0,2,https://huggingface.co/anhquancao/OccAny
SeonghuJeon/GLD,image-to-3d,apache-2.0,OPEN-SOURCE,0,6,https://huggingface.co/SeonghuJeon/GLD
HorizonRobotics/3D-Fixer,image-to-3d,apache-2.0,OPEN-SOURCE,0,2,https://huggingface.co/HorizonRobotics/3D-Fixer
marstin/fast-spatial-mem,image-to-3d,apache-2.0,OPEN-SOURCE,0,4,https://huggingface.co/marstin/fast-spatial-mem
shipitirl/UltraShape,image-to-3d,apache-2.0,OPEN-SOURCE,0,1,https://huggingface.co/shipitirl/UltraShape
oxide-lab/TripoSR,image-to-3d,mit,OPEN-SOURCE,0,2,https://huggingface.co/oxide-lab/TripoSR
oxide-lab/Pi3,image-to-3d,bsd-2-clause,OPEN-SOURCE,0,0,https://huggingface.co/oxide-lab/Pi3
AIGeeksGroup/PartRAG,image-to-3d,mit,OPEN-SOURCE,0,1,https://huggingface.co/AIGeeksGroup/PartRAG
vincentqu/fastgs,image-to-3d,mit,OPEN-SOURCE,0,0,https://huggingface.co/vincentqu/fastgs
H-EmbodVis/HERMESV2,image-to-3d,apache-2.0,OPEN-SOURCE,0,1,https://huggingface.co/H-EmbodVis/HERMESV2
TencentARC/Pixal3D,image-to-3d,mit,OPEN-SOURCE,0,279,https://huggingface.co/TencentARC/Pixal3D
Fictionary/AmbiSuR,image-to-3d,apache-2.0,OPEN-SOURCE,0,0,https://huggingface.co/Fictionary/AmbiSuR
LuLing/IScene,image-to-3d,mit,OPEN-SOURCE,0,3,https://huggingface.co/LuLing/IScene
stevee00/InteriorGen3D,image-to-3d,mit,OPEN-SOURCE,0,1,https://huggingface.co/stevee00/InteriorGen3D
VAST-AI/LegoACE,image-to-3d,mit,OPEN-SOURCE,0,7,https://huggingface.co/VAST-AI/LegoACE
NicolasCC/HorizonStream,image-to-3d,apache-2.0,OPEN-SOURCE,0,0,https://huggingface.co/NicolasCC/HorizonStream
logonod/Pixal3D,image-to-3d,mit,OPEN-SOURCE,0,0,https://huggingface.co/logonod/Pixal3D
lhmd/TriSplat,image-to-3d,mit,OPEN-SOURCE,0,14,https://huggingface.co/lhmd/TriSplat
IVAN20260514/TRELLIS.2-4B,image-to-3d,mit,OPEN-SOURCE,0,0,https://huggingface.co/IVAN20260514/TRELLIS.2-4B
wjmenu/F3G-avatar,image-to-3d,apache-2.0,OPEN-SOURCE,0,0,https://huggingface.co/wjmenu/F3G-avatar
MaxeKorvi/Pixal3D,image-to-3d,mit,OPEN-SOURCE,0,0,https://huggingface.co/MaxeKorvi/Pixal3D
Pq234/Pixal3D,image-to-3d,mit,OPEN-SOURCE,0,0,https://huggingface.co/Pq234/Pixal3D
TuanNgo/VolFill,image-to-3d,mit,OPEN-SOURCE,0,0,https://huggingface.co/TuanNgo/VolFill
BtForest/TRELLIS.2-4B,image-to-3d,mit,OPEN-SOURCE,0,0,https://huggingface.co/BtForest/TRELLIS.2-4B
mlboydaisuke/TripoSplat-CoreAI,image-to-3d,mit,OPEN-SOURCE,0,4,https://huggingface.co/mlboydaisuke/TripoSplat-CoreAI
sarahyung/TRELLIS.2-4B,image-to-3d,mit,OPEN-SOURCE,0,0,https://huggingface.co/sarahyung/TRELLIS.2-4B
eadx/TripoSplat-CoreAI,image-to-3d,mit,OPEN-SOURCE,0,0,https://huggingface.co/eadx/TripoSplat-CoreAI
One-2-3-45/code,text-to-3d,mit,OPEN-SOURCE,0,18,https://huggingface.co/One-2-3-45/code
dylanebert/3dlfm,text-to-3d,bsd-3-clause,OPEN-SOURCE,0,9,https://huggingface.co/dylanebert/3dlfm
dylanebert/NeRFiller,text-to-3d,apache-2.0,OPEN-SOURCE,0,6,https://huggingface.co/dylanebert/NeRFiller
dylanebert/RichDreamer,text-to-3d,mit,OPEN-SOURCE,0,6,https://huggingface.co/dylanebert/RichDreamer
3DTopia/3DTopia,text-to-3d,apache-2.0,OPEN-SOURCE,0,25,https://huggingface.co/3DTopia/3DTopia
seungminh/zero123-pro_v1.0,text-to-3d,mit,OPEN-SOURCE,0,6,https://huggingface.co/seungminh/zero123-pro_v1.0
ashawkey/LGM,text-to-3d,mit,OPEN-SOURCE,0,161,https://huggingface.co/ashawkey/LGM
JCTN/LGM,text-to-3d,mit,OPEN-SOURCE,0,4,https://huggingface.co/JCTN/LGM
AlSr/HugFace01,text-to-3d,mit,OPEN-SOURCE,0,3,https://huggingface.co/AlSr/HugFace01
cebas/oneClick_Windows_ImageTo3D_install,text-to-3d,apache-2.0,OPEN-SOURCE,0,18,https://huggingface.co/cebas/oneClick_Windows_ImageTo3D_install
dylanebert/ManiGaussian,text-to-3d,mit,OPEN-SOURCE,0,0,https://huggingface.co/dylanebert/ManiGaussian
banzajteam/1,text-to-3d,apache-2.0,OPEN-SOURCE,0,0,https://huggingface.co/banzajteam/1
ZhenweiWang/Phidias-Diffusion,text-to-3d,mit,OPEN-SOURCE,0,7,https://huggingface.co/ZhenweiWang/Phidias-Diffusion
Scarface-team/Tunisia,text-to-3d,apache-2.0,OPEN-SOURCE,0,0,https://huggingface.co/Scarface-team/Tunisia
ZhiyuanthePony/TriplaneTurbo,text-to-3d,apache-2.0,OPEN-SOURCE,0,4,https://huggingface.co/ZhiyuanthePony/TriplaneTurbo
yejunliang23/Reward3D,text-to-3d,mit,OPEN-SOURCE,0,3,https://huggingface.co/yejunliang23/Reward3D
ymxbj/TexGaussian,text-to-3d,apache-2.0,OPEN-SOURCE,0,0,https://huggingface.co/ymxbj/TexGaussian
wst2001/OctGPT,text-to-3d,mit,OPEN-SOURCE,0,5,https://huggingface.co/wst2001/OctGPT
LeoXie/WorldGen,text-to-3d,apache-2.0,OPEN-SOURCE,0,15,https://huggingface.co/LeoXie/WorldGen
wilsonkpc98/DocumetPDF,text-to-3d,apache-2.0,OPEN-SOURCE,0,0,https://huggingface.co/wilsonkpc98/DocumetPDF
jetx/trellis-large,text-to-3d,mit,OPEN-SOURCE,0,0,https://huggingface.co/jetx/trellis-large
jetx/trellis-xlarge,text-to-3d,mit,OPEN-SOURCE,0,0,https://huggingface.co/jetx/trellis-xlarge
yejunliang23/3DVQVAE,text-to-3d,mit,OPEN-SOURCE,0,1,https://huggingface.co/yejunliang23/3DVQVAE
vonexel/smog,text-to-3d,mit,OPEN-SOURCE,0,0,https://huggingface.co/vonexel/smog
Manojb/TRELLIS-text-xlarge,text-to-3d,mit,OPEN-SOURCE,0,0,https://huggingface.co/Manojb/TRELLIS-text-xlarge
Manojb/TRELLIS-text-base,text-to-3d,mit,OPEN-SOURCE,0,0,https://huggingface.co/Manojb/TRELLIS-text-base
jjohnson5253/BrickGPTFork,text-to-3d,mit,OPEN-SOURCE,0,0,https://huggingface.co/jjohnson5253/BrickGPTFork
KevinHuang/OmniX,text-to-3d,apache-2.0,OPEN-SOURCE,0,4,https://huggingface.co/KevinHuang/OmniX
pudashi/3DGenMem,text-to-3d,apache-2.0,OPEN-SOURCE,0,0,https://huggingface.co/pudashi/3DGenMem
FishWoWater/TRELLIS-text-xlarge-voxhammer,text-to-3d,mit,OPEN-SOURCE,0,0,https://huggingface.co/FishWoWater/TRELLIS-text-xlarge-voxhammer
Mimi1782/CMO,text-to-3d,bsl-1.0,OPEN-SOURCE,0,0,https://huggingface.co/Mimi1782/CMO
EnyaWoooo/CTFlow,text-to-3d,apache-2.0,OPEN-SOURCE,0,0,https://huggingface.co/EnyaWoooo/CTFlow
Am-I-The-1/WorldGen,text-to-3d,apache-2.0,OPEN-SOURCE,0,0,https://huggingface.co/Am-I-The-1/WorldGen
jdhue/oneClick_Windows_ImageTo3D_install,text-to-3d,apache-2.0,OPEN-SOURCE,0,0,https://huggingface.co/jdhue/oneClick_Windows_ImageTo3D_install
Supramundaner/sk-adapter,text-to-3d,apache-2.0,OPEN-SOURCE,0,1,https://huggingface.co/Supramundaner/sk-adapter
georgeNakayama/GarmentParticles,text-to-3d,mit,OPEN-SOURCE,0,0,https://huggingface.co/georgeNakayama/GarmentParticles
TrNi/efficient-cube3d,text-to-3d,apache-2.0,OPEN-SOURCE,0,4,https://huggingface.co/TrNi/efficient-cube3d
yosepyossi/mvrag,text-to-3d,cc-by-4.0,permissive-CC,3,1,https://huggingface.co/yosepyossi/mvrag
Sihag/Hr,text-to-3d,cc-by-4.0,permissive-CC,0,0,https://huggingface.co/Sihag/Hr
jd-rodriguezp1234/Shap-MeD,text-to-3d,cc-by-4.0,permissive-CC,0,1,https://huggingface.co/jd-rodriguezp1234/Shap-MeD
facebook/VGGT-1B,image-to-3d,cc-by-nc-4.0,NON-COMMERCIAL,293435,114,https://huggingface.co/facebook/VGGT-1B
tencent/Hunyuan3D-2,image-to-3d,other,unknown,84968,1785,https://huggingface.co/tencent/Hunyuan3D-2
naver/MASt3R_ViTLarge_BaseDecoder_512_catmlpdpt_metric,image-to-3d,unknown,unknown,41310,19,https://huggingface.co/naver/MASt3R_ViTLarge_BaseDecoder_512_catmlpdpt_metric
tencent/Hunyuan3D-2.1,image-to-3d,other,unknown,33062,1037,https://huggingface.co/tencent/Hunyuan3D-2.1
facebook/map-anything,image-to-3d,cc-by-nc-4.0,NON-COMMERCIAL,31329,90,https://huggingface.co/facebook/map-anything
yyfz233/Pi3X,image-to-3d,cc-by-nc-4.0,NON-COMMERCIAL,30852,14,https://huggingface.co/yyfz233/Pi3X
siyan824/reloc3r-512,image-to-3d,unknown,unknown,28519,6,https://huggingface.co/siyan824/reloc3r-512
naver/DUSt3R_ViTLarge_BaseDecoder_512_dpt,image-to-3d,unknown,unknown,20179,17,https://huggingface.co/naver/DUSt3R_ViTLarge_BaseDecoder_512_dpt
tencent/Hunyuan3D-2mini,image-to-3d,other,unknown,19961,139,https://huggingface.co/tencent/Hunyuan3D-2mini
stabilityai/stable-fast-3d,image-to-3d,other,unknown,11721,805,https://huggingface.co/stabilityai/stable-fast-3d
andreca/hunyuan3d-2.1xet,image-to-3d,other,unknown,11105,2,https://huggingface.co/andreca/hunyuan3d-2.1xet
apple/Sharp,image-to-3d,apple-amlr,NON-COMMERCIAL,8170,391,https://huggingface.co/apple/Sharp
tencent/HunyuanWorld-1,image-to-3d,other,unknown,4220,602,https://huggingface.co/tencent/HunyuanWorld-1
zx1239856/PixARMesh-EdgeRunner,image-to-3d,cc-by-sa-4.0,other,3784,0,https://huggingface.co/zx1239856/PixARMesh-EdgeRunner
jedyang97/Fast3R_ViT_Large_512,image-to-3d,other,unknown,3244,28,https://huggingface.co/jedyang97/Fast3R_ViT_Large_512
tencent/Hunyuan3D-2mv,image-to-3d,other,unknown,3065,416,https://huggingface.co/tencent/Hunyuan3D-2mv
tencent/HY-World-2.0,image-to-3d,other,unknown,2714,676,https://huggingface.co/tencent/HY-World-2.0
tencent/HunyuanWorld-Mirror,image-to-3d,other,unknown,2413,459,https://huggingface.co/tencent/HunyuanWorld-Mirror
tencent/Hunyuan3D-Omni,image-to-3d,other,unknown,2296,171,https://huggingface.co/tencent/Hunyuan3D-Omni
Stable-X/vggt-object-v0-1,image-to-3d,unknown,unknown,2280,8,https://huggingface.co/Stable-X/vggt-object-v0-1
stabilityai/stable-point-aware-3d,image-to-3d,other,unknown,2102,347,https://huggingface.co/stabilityai/stable-point-aware-3d
bartowski/LLaMA-Mesh-GGUF,text-to-3d,llama3.1,other,1930,42,https://huggingface.co/bartowski/LLaMA-Mesh-GGUF
siyan824/slam3r_i2p,image-to-3d,unknown,unknown,1367,5,https://huggingface.co/siyan824/slam3r_i2p
yslan/STream3R,image-to-3d,other,unknown,1192,6,https://huggingface.co/yslan/STream3R
siyan824/slam3r_l2w,image-to-3d,unknown,unknown,1089,3,https://huggingface.co/siyan824/slam3r_l2w
facebook/VGGT-1B-Commercial,image-to-3d,other,unknown,991,74,https://huggingface.co/facebook/VGGT-1B-Commercial
Junyi42/MonST3R_PO-TA-S-W_ViTLarge_BaseDecoder_512_dpt,image-to-3d,cc-by-nc-sa-4.0,NON-COMMERCIAL,934,22,https://huggingface.co/Junyi42/MonST3R_PO-TA-S-W_ViTLarge_BaseDecoder_512_dpt
nvidia/vgg-ttt,image-to-3d,other,unknown,844,23,https://huggingface.co/nvidia/vgg-ttt
nvidia/dvlt,image-to-3d,other,unknown,774,41,https://huggingface.co/nvidia/dvlt
karimknaebel/surge-large,image-to-3d,cc-by-nc-4.0,NON-COMMERCIAL,748,3,https://huggingface.co/karimknaebel/surge-large
tencent/Hunyuan3D-1,image-to-3d,other,unknown,696,312,https://huggingface.co/tencent/Hunyuan3D-1
naver/DUSt3R_ViTLarge_BaseDecoder_512_linear,image-to-3d,unknown,unknown,528,0,https://huggingface.co/naver/DUSt3R_ViTLarge_BaseDecoder_512_linear
nvidia/Lyra-2.0,image-to-3d,unknown,unknown,526,330,https://huggingface.co/nvidia/Lyra-2.0
naver/DUSt3R_ViTLarge_BaseDecoder_224_linear,image-to-3d,unknown,unknown,479,0,https://huggingface.co/naver/DUSt3R_ViTLarge_BaseDecoder_224_linear
Zhengyi/LLaMA-Mesh,text-to-3d,llama3.1,other,459,184,https://huggingface.co/Zhengyi/LLaMA-Mesh
calcuis/hy3d-gguf,image-to-3d,other,unknown,453,31,https://huggingface.co/calcuis/hy3d-gguf
cocktailpeanut/sf3d,image-to-3d,other,unknown,451,12,https://huggingface.co/cocktailpeanut/sf3d
zxhezexin/openlrm-mix-base-1.1,image-to-3d,cc-by-nc-4.0,NON-COMMERCIAL,400,6,https://huggingface.co/zxhezexin/openlrm-mix-base-1.1
tencent/HY-Motion-1.0,text-to-3d,other,unknown,372,420,https://huggingface.co/tencent/HY-Motion-1.0
zxhezexin/openlrm-mix-small-1.1,image-to-3d,cc-by-nc-4.0,NON-COMMERCIAL,332,1,https://huggingface.co/zxhezexin/openlrm-mix-small-1.1
kvuong2711/checkpoint-aerial-mast3r,image-to-3d,unknown,unknown,322,1,https://huggingface.co/kvuong2711/checkpoint-aerial-mast3r
mrokuss/VoxTell,text-to-3d,cc-by-nc-sa-4.0,NON-COMMERCIAL,312,16,https://huggingface.co/mrokuss/VoxTell
lch01/StreamVGGT,image-to-3d,cc-by-nc-4.0,NON-COMMERCIAL,287,13,https://huggingface.co/lch01/StreamVGGT
facebook/map-anything-v1,image-to-3d,cc-by-nc-4.0,NON-COMMERCIAL,282,26,https://huggingface.co/facebook/map-anything-v1
king5699/hy3d-gguf,image-to-3d,other,unknown,277,2,https://huggingface.co/king5699/hy3d-gguf
Nemolin-2008/Hunyuan3D-2,image-to-3d,other,unknown,204,0,https://huggingface.co/Nemolin-2008/Hunyuan3D-2
pearsonkyle/Sharp-coreml,image-to-3d,apple-amlr,NON-COMMERCIAL,167,20,https://huggingface.co/pearsonkyle/Sharp-coreml
facebook/ShapeR,image-to-3d,cc-by-nc-4.0,NON-COMMERCIAL,155,49,https://huggingface.co/facebook/ShapeR
nvidia/asset-harvester,image-to-3d,other,unknown,150,39,https://huggingface.co/nvidia/asset-harvester
Yiwen-ntu/MeshAnything,image-to-3d,unknown,unknown,149,14,https://huggingface.co/Yiwen-ntu/MeshAnything
CShah2218/Hunyuan3D-2,image-to-3d,other,unknown,148,0,https://huggingface.co/CShah2218/Hunyuan3D-2
zimengxiong/Modelr-SPAR3D,image-to-3d,other,unknown,147,1,https://huggingface.co/zimengxiong/Modelr-SPAR3D
siyan824/reloc3r-224,image-to-3d,unknown,unknown,129,2,https://huggingface.co/siyan824/reloc3r-224
Akhura/Hunyuan3D-2.1,image-to-3d,other,unknown,127,0,https://huggingface.co/Akhura/Hunyuan3D-2.1
yupengchengg147/St4RTrack,image-to-3d,unknown,unknown,110,0,https://huggingface.co/yupengchengg147/St4RTrack
zx1239856/PixARMesh-BPT,image-to-3d,cc-by-sa-4.0,other,100,0,https://huggingface.co/zx1239856/PixARMesh-BPT
facebook/ActionMesh,image-to-3d,other,unknown,93,35,https://huggingface.co/facebook/ActionMesh
Intel/ldm3d,text-to-3d,creativeml-openrail-m,openrail(restricted),85,65,https://huggingface.co/Intel/ldm3d
dylanebert/multi-view-diffusion,image-to-3d,openrail,openrail(restricted),84,10,https://huggingface.co/dylanebert/multi-view-diffusion
Absboy/Hunyuan3D-2.1,image-to-3d,other,unknown,77,0,https://huggingface.co/Absboy/Hunyuan3D-2.1
brodatech/Hunyuan3D-2.1,image-to-3d,other,unknown,71,0,https://huggingface.co/brodatech/Hunyuan3D-2.1
zxhezexin/openlrm-mix-large-1.1,image-to-3d,cc-by-nc-4.0,NON-COMMERCIAL,69,6,https://huggingface.co/zxhezexin/openlrm-mix-large-1.1
nvidia/instant-nurec,image-to-3d,other,unknown,68,10,https://huggingface.co/nvidia/instant-nurec
brodatech/HY-World-2.0,image-to-3d,other,unknown,63,0,https://huggingface.co/brodatech/HY-World-2.0
AgenticVibes/hy3dmlx-shape-v2.1,image-to-3d,other,unknown,60,0,https://huggingface.co/AgenticVibes/hy3dmlx-shape-v2.1
Sylvan-Wei/Hunyuan3D-2.1,image-to-3d,other,unknown,58,0,https://huggingface.co/Sylvan-Wei/Hunyuan3D-2.1
kvuong2711/checkpoint-aerial-dust3r,image-to-3d,unknown,unknown,53,0,https://huggingface.co/kvuong2711/checkpoint-aerial-dust3r
Intel/ldm3d-4c,text-to-3d,creativeml-openrail-m,openrail(restricted),50,46,https://huggingface.co/Intel/ldm3d-4c
zxhezexin/openlrm-obj-base-1.1,image-to-3d,cc-by-nc-4.0,NON-COMMERCIAL,48,2,https://huggingface.co/zxhezexin/openlrm-obj-base-1.1
zxhezexin/openlrm-obj-small-1.1,image-to-3d,cc-by-nc-4.0,NON-COMMERCIAL,43,1,https://huggingface.co/zxhezexin/openlrm-obj-small-1.1
zxhezexin/openlrm-obj-large-1.1,image-to-3d,cc-by-nc-4.0,NON-COMMERCIAL,42,1,https://huggingface.co/zxhezexin/openlrm-obj-large-1.1
SumantBobade/Image_To_3D_Generator,image-to-3d,openrail,openrail(restricted),41,0,https://huggingface.co/SumantBobade/Image_To_3D_Generator
craftsman3d/craftsman,image-to-3d,creativeml-openrail-m,openrail(restricted),40,18,https://huggingface.co/craftsman3d/craftsman
cyun9286/Align3R_DepthPro_ViTLarge_BaseDecoder_512_dpt,image-to-3d,unknown,unknown,39,6,https://huggingface.co/cyun9286/Align3R_DepthPro_ViTLarge_BaseDecoder_512_dpt
ilintar/trellis2-gguf,image-to-3d,other,unknown,39,0,https://huggingface.co/ilintar/trellis2-gguf
gqk/Hunyuan3D-2-fork,image-to-3d,other,unknown,30,0,https://huggingface.co/gqk/Hunyuan3D-2-fork
StabilityLabs/ReLi3D,image-to-3d,other,unknown,29,2,https://huggingface.co/StabilityLabs/ReLi3D
slick3r/Hunyuan3D-2,image-to-3d,other,unknown,28,1,https://huggingface.co/slick3r/Hunyuan3D-2
trackdr/LLaMA-Mesh-Q4_K_M-GGUF,text-to-3d,llama3.1,other,27,1,https://huggingface.co/trackdr/LLaMA-Mesh-Q4_K_M-GGUF
InternRobotics/MeshCoder,image-to-3d,cc-by-nc-sa-4.0,NON-COMMERCIAL,26,11,https://huggingface.co/InternRobotics/MeshCoder
Compumacy/hunyuan,image-to-3d,other,unknown,25,0,https://huggingface.co/Compumacy/hunyuan
blend3dweb/HunyuanWorld-1,image-to-3d,other,unknown,25,0,https://huggingface.co/blend3dweb/HunyuanWorld-1
pabloruizponce/in2IN,text-to-3d,unknown,unknown,25,5,https://huggingface.co/pabloruizponce/in2IN
manycore-research/SpatialGen-1.0,image-to-3d,creativeml-openrail-m,openrail(restricted),24,41,https://huggingface.co/manycore-research/SpatialGen-1.0
Intel/ldm3d-pano,text-to-3d,creativeml-openrail-m,openrail(restricted),22,58,https://huggingface.co/Intel/ldm3d-pano
agg23/Sharp-mlx-f16,image-to-3d,apple-amlr,NON-COMMERCIAL,21,2,https://huggingface.co/agg23/Sharp-mlx-f16
manycore-research/FLUX.1-Layout-ControlNet,image-to-3d,other,unknown,20,25,https://huggingface.co/manycore-research/FLUX.1-Layout-ControlNet
TencentARC/NVComposer,image-to-3d,other,unknown,19,9,https://huggingface.co/TencentARC/NVComposer
alexgusevski/LLaMA-Mesh-q4-mlx,text-to-3d,llama3.1,other,19,2,https://huggingface.co/alexgusevski/LLaMA-Mesh-q4-mlx
jadechoghari/vfusion3d,image-to-3d,cc-by-nc-2.0,NON-COMMERCIAL,18,15,https://huggingface.co/jadechoghari/vfusion3d
Kai422kx/das3r,image-to-3d,unknown,unknown,18,0,https://huggingface.co/Kai422kx/das3r
tencent/HY3D-Bench,image-to-3d,other,unknown,18,49,https://huggingface.co/tencent/HY3D-Bench
jgaubil/und3rstand-dust3r-512-dpt,image-to-3d,unknown,unknown,15,1,https://huggingface.co/jgaubil/und3rstand-dust3r-512-dpt
Hawkmatrix3/Hunyuan3D-2,image-to-3d,other,unknown,15,0,https://huggingface.co/Hawkmatrix3/Hunyuan3D-2
Intel/ldm3d-sr,text-to-3d,creativeml-openrail-m,openrail(restricted),15,11,https://huggingface.co/Intel/ldm3d-sr
alexgusevski/LLaMA-Mesh-mlx,text-to-3d,llama3.1,other,15,1,https://huggingface.co/alexgusevski/LLaMA-Mesh-mlx
Revv8/3D_MVD,image-to-3d,openrail,openrail(restricted),14,0,https://huggingface.co/Revv8/3D_MVD
alexgusevski/LLaMA-Mesh-q3-mlx,text-to-3d,llama3.1,other,13,0,https://huggingface.co/alexgusevski/LLaMA-Mesh-q3-mlx
jetx/Hunyuan3D-2mini,image-to-3d,other,unknown,12,0,https://huggingface.co/jetx/Hunyuan3D-2mini
alexgusevski/LLaMA-Mesh-q8-mlx,text-to-3d,llama3.1,other,12,1,https://huggingface.co/alexgusevski/LLaMA-Mesh-q8-mlx
ImrozeAslam/Hunyuan3D-2mini-test,image-to-3d,other,unknown,10,0,https://huggingface.co/ImrozeAslam/Hunyuan3D-2mini-test
SaaiAravindhRaja/Sharp,image-to-3d,apple-amlr,NON-COMMERCIAL,10,0,https://huggingface.co/SaaiAravindhRaja/Sharp
FishWoWater/Hunyuan3D-2.1,image-to-3d,other,unknown,9,0,https://huggingface.co/FishWoWater/Hunyuan3D-2.1
alexgusevski/LLaMA-Mesh-q6-mlx,text-to-3d,llama3.1,other,9,1,https://huggingface.co/alexgusevski/LLaMA-Mesh-q6-mlx
dylanebert/imagedream,image-to-3d,openrail,openrail(restricted),8,1,https://huggingface.co/dylanebert/imagedream
facebook/vfusion3d,image-to-3d,cc-by-nc-2.0,NON-COMMERCIAL,8,65,https://huggingface.co/facebook/vfusion3d
jetx/Hunyuan3D-2,image-to-3d,other,unknown,8,0,https://huggingface.co/jetx/Hunyuan3D-2
Manojb/Hunyuan3D-2,image-to-3d,other,unknown,8,0,https://huggingface.co/Manojb/Hunyuan3D-2
jgaubil/und3rstand-dust3r-224-linear,image-to-3d,unknown,unknown,8,1,https://huggingface.co/jgaubil/und3rstand-dust3r-224-linear
aaaaaaaaaaaaafaaaaaaaaaaa/Hunyuan3D-2,image-to-3d,other,unknown,8,0,https://huggingface.co/aaaaaaaaaaaaafaaaaaaaaaaa/Hunyuan3D-2
Abdualkader/Multi-View,image-to-3d,openrail,openrail(restricted),7,1,https://huggingface.co/Abdualkader/Multi-View
Abhikie18/Hunyuan3D-2,image-to-3d,other,unknown,7,0,https://huggingface.co/Abhikie18/Hunyuan3D-2
id-yun/Hunyuan3D-2,image-to-3d,other,unknown,7,0,https://huggingface.co/id-yun/Hunyuan3D-2
Akil999/Lyra-2.0,image-to-3d,unknown,unknown,7,0,https://huggingface.co/Akil999/Lyra-2.0
cyun9286/Align3R_DepthAnythingV2_ViTLarge_BaseDecoder_512_dpt,image-to-3d,unknown,unknown,6,5,https://huggingface.co/cyun9286/Align3R_DepthAnythingV2_ViTLarge_BaseDecoder_512_dpt
ImrozeAslam/Hunyuan3D-2-test,image-to-3d,other,unknown,6,0,https://huggingface.co/ImrozeAslam/Hunyuan3D-2-test
Pulkit2527/VGGT-1B-Commercial,image-to-3d,other,unknown,6,0,https://huggingface.co/Pulkit2527/VGGT-1B-Commercial
DOUGAa/Hunyuan3D-1,image-to-3d,other,unknown,6,0,https://huggingface.co/DOUGAa/Hunyuan3D-1
zxhezexin/openlrm-small-obj-1.0,image-to-3d,cc-by-nc-4.0,NON-COMMERCIAL,5,7,https://huggingface.co/zxhezexin/openlrm-small-obj-1.0
camenduru/mast3r,image-to-3d,unknown,unknown,5,0,https://huggingface.co/camenduru/mast3r
SVECTOR-CORPORATION/ManiFold,image-to-3d,cc-by-nc-3.0,NON-COMMERCIAL,5,7,https://huggingface.co/SVECTOR-CORPORATION/ManiFold
Jyoti73ML/VGGT-1B-Commercial,image-to-3d,other,unknown,5,1,https://huggingface.co/Jyoti73ML/VGGT-1B-Commercial
bradwbu/Hunyuan3D-2.1,image-to-3d,other,unknown,5,0,https://huggingface.co/bradwbu/Hunyuan3D-2.1
Mic219/Hunyuan3D-2.1,image-to-3d,other,unknown,5,0,https://huggingface.co/Mic219/Hunyuan3D-2.1
moeqbadar/Hunyuan3D-2.1,image-to-3d,other,unknown,5,1,https://huggingface.co/moeqbadar/Hunyuan3D-2.1
zoooooooyuan/VGGT-1B,image-to-3d,cc-by-nc-4.0,NON-COMMERCIAL,5,2,https://huggingface.co/zoooooooyuan/VGGT-1B
Scrappy-Doo/Hunyuan3D-2,image-to-3d,other,unknown,5,0,https://huggingface.co/Scrappy-Doo/Hunyuan3D-2
zxhezexin/openlrm-base-obj-1.0,image-to-3d,cc-by-nc-4.0,NON-COMMERCIAL,4,13,https://huggingface.co/zxhezexin/openlrm-base-obj-1.0
Kai422kx/das3r_checkpoint-last.pth,image-to-3d,unknown,unknown,4,0,https://huggingface.co/Kai422kx/das3r_checkpoint-last.pth
jobs-git/Hunyuan3D-2,image-to-3d,other,unknown,4,0,https://huggingface.co/jobs-git/Hunyuan3D-2
zhang3z/FLARE,image-to-3d,unknown,unknown,4,0,https://huggingface.co/zhang3z/FLARE
hyz317/CHARM,image-to-3d,gpl-3.0,other,4,2,https://huggingface.co/hyz317/CHARM
Tony120380/Hunyuan3D-Omni,image-to-3d,other,unknown,4,0,https://huggingface.co/Tony120380/Hunyuan3D-Omni
xyhzzzh/SpatialGen-1.0,image-to-3d,creativeml-openrail-m,openrail(restricted),4,0,https://huggingface.co/xyhzzzh/SpatialGen-1.0
N0zero0d/Hunyuan3D-2.1,image-to-3d,other,unknown,4,0,https://huggingface.co/N0zero0d/Hunyuan3D-2.1
BTech-Industries/Lyra-2.0,image-to-3d,unknown,unknown,4,0,https://huggingface.co/BTech-Industries/Lyra-2.0
amitapl/Hunyuan3D-2,image-to-3d,other,unknown,4,0,https://huggingface.co/amitapl/Hunyuan3D-2
jobs-git/Hunyuan3D-1,text-to-3d,other,unknown,4,0,https://huggingface.co/jobs-git/Hunyuan3D-1
Gustav0-Freind/LLaMA-Mesh,text-to-3d,llama3.1,other,4,0,https://huggingface.co/Gustav0-Freind/LLaMA-Mesh
zxhezexin/openlrm-large-obj-1.0,image-to-3d,cc-by-nc-4.0,NON-COMMERCIAL,3,6,https://huggingface.co/zxhezexin/openlrm-large-obj-1.0
not-lain/Michelangelo,image-to-3d,unknown,unknown,3,1,https://huggingface.co/not-lain/Michelangelo
nielsr/vggsfm,image-to-3d,cc-by-nc-sa-4.0,NON-COMMERCIAL,3,0,https://huggingface.co/nielsr/vggsfm
castlebbs/multi-view-diffusion,image-to-3d,openrail,openrail(restricted),3,0,https://huggingface.co/castlebbs/multi-view-diffusion
alkarimj/3DModelTest,image-to-3d,openrail,openrail(restricted),3,0,https://huggingface.co/alkarimj/3DModelTest
Ypanacea/Pi3X,image-to-3d,unknown,unknown,3,0,https://huggingface.co/Ypanacea/Pi3X
Toshi8855/HY3D-Bench,image-to-3d,other,unknown,3,0,https://huggingface.co/Toshi8855/HY3D-Bench
SaaiAravindhRaja/Sharp-coreml,image-to-3d,apple-amlr,NON-COMMERCIAL,3,0,https://huggingface.co/SaaiAravindhRaja/Sharp-coreml
DOUGAa/Hunyuan3D-2.1,image-to-3d,other,unknown,3,0,https://huggingface.co/DOUGAa/Hunyuan3D-2.1
Ademola265/HY-Motion-1.0,text-to-3d,other,unknown,3,0,https://huggingface.co/Ademola265/HY-Motion-1.0
BermanOmri90/3d-course-demo,image-to-3d,openrail,openrail(restricted),2,0,https://huggingface.co/BermanOmri90/3d-course-demo
kumarhans/multi_view_sample,image-to-3d,openrail,openrail(restricted),2,0,https://huggingface.co/kumarhans/multi_view_sample
mihirdeo16/multi-view-diffusion-3d-ml,image-to-3d,openrail,openrail(restricted),2,0,https://huggingface.co/mihirdeo16/multi-view-diffusion-3d-ml
Shashanksp08/shashanknew,image-to-3d,openrail,openrail(restricted),2,0,https://huggingface.co/Shashanksp08/shashanknew
Tengpaz/multi-view-diffusion,image-to-3d,openrail,openrail(restricted),2,1,https://huggingface.co/Tengpaz/multi-view-diffusion
jobs-git/Hunyuan3D-2.1,image-to-3d,other,unknown,2,0,https://huggingface.co/jobs-git/Hunyuan3D-2.1
behka57/mv-diffusion,image-to-3d,openrail,openrail(restricted),2,0,https://huggingface.co/behka57/mv-diffusion
tsnave/my-model,image-to-3d,openrail,openrail(restricted),2,0,https://huggingface.co/tsnave/my-model
Translsis/Hunyuan3D-2.1,image-to-3d,other,unknown,2,0,https://huggingface.co/Translsis/Hunyuan3D-2.1
dgfx/multi-view-diffusion,image-to-3d,openrail,openrail(restricted),2,0,https://huggingface.co/dgfx/multi-view-diffusion
Ashokkara/Hunyuan3D-2.1,image-to-3d,other,unknown,2,0,https://huggingface.co/Ashokkara/Hunyuan3D-2.1
Schalkiesss/Hunyuan3D-2.1,image-to-3d,other,unknown,2,0,https://huggingface.co/Schalkiesss/Hunyuan3D-2.1
Zhzzzzz/Hunyuan3D-2.1,image-to-3d,other,unknown,2,2,https://huggingface.co/Zhzzzzz/Hunyuan3D-2.1
jpuri/multi-view-diffusion,image-to-3d,openrail,openrail(restricted),2,0,https://huggingface.co/jpuri/multi-view-diffusion
shipitirl/Hunyuan3D-2.1,image-to-3d,other,unknown,2,0,https://huggingface.co/shipitirl/Hunyuan3D-2.1
EatingBeans/Hunyuan3D-2.1,image-to-3d,other,unknown,2,0,https://huggingface.co/EatingBeans/Hunyuan3D-2.1
dibaainiyou/MASt3R_ViTLarge_BaseDecoder_512_catmlpdpt_metric,image-to-3d,unknown,unknown,2,0,https://huggingface.co/dibaainiyou/MASt3R_ViTLarge_BaseDecoder_512_catmlpdpt_metric
Dynamo137/Hunyuan3D-2mini,image-to-3d,other,unknown,2,1,https://huggingface.co/Dynamo137/Hunyuan3D-2mini
Rishishah241/Hunyuan3D-2mv,image-to-3d,other,unknown,2,0,https://huggingface.co/Rishishah241/Hunyuan3D-2mv
Antided/Hunyuan3D-Omni,image-to-3d,other,unknown,2,0,https://huggingface.co/Antided/Hunyuan3D-Omni
Soiken/Hunyuan3D-2.1,image-to-3d,other,unknown,2,0,https://huggingface.co/Soiken/Hunyuan3D-2.1
dylanebert/mvdream,text-to-3d,openrail,openrail(restricted),2,7,https://huggingface.co/dylanebert/mvdream
uwantcheats/LLaMA-Mesh,text-to-3d,llama3.1,other,2,1,https://huggingface.co/uwantcheats/LLaMA-Mesh
shankartr123/multi-view-diffusion,image-to-3d,openrail,openrail(restricted),1,0,https://huggingface.co/shankartr123/multi-view-diffusion
dlux2015/multi-view-diffusion,image-to-3d,openrail,openrail(restricted),1,0,https://huggingface.co/dlux2015/multi-view-diffusion
proplayer69/multiviewdiffusion,image-to-3d,openrail,openrail(restricted),1,0,https://huggingface.co/proplayer69/multiviewdiffusion
Lolotestin/multiview_diff,image-to-3d,openrail,openrail(restricted),1,0,https://huggingface.co/Lolotestin/multiview_diff
stephanbrez/multiview-diffusion,image-to-3d,openrail,openrail(restricted),1,0,https://huggingface.co/stephanbrez/multiview-diffusion
miergo/multi_view_,image-to-3d,openrail,openrail(restricted),1,0,https://huggingface.co/miergo/multi_view_
davedis1997/multi-view-diffusion,image-to-3d,openrail,openrail(restricted),1,0,https://huggingface.co/davedis1997/multi-view-diffusion
tanittha/mein-multi-view-diffusion,image-to-3d,openrail,openrail(restricted),1,0,https://huggingface.co/tanittha/mein-multi-view-diffusion
Phani0404/nova,image-to-3d,openrail,openrail(restricted),1,0,https://huggingface.co/Phani0404/nova
reiirene/multi-view-diffusion,image-to-3d,openrail,openrail(restricted),1,0,https://huggingface.co/reiirene/multi-view-diffusion
kebablysis/multi-view-test,image-to-3d,openrail,openrail(restricted),1,0,https://huggingface.co/kebablysis/multi-view-test
cameron-d/multi-view-diffusion-course,image-to-3d,openrail,openrail(restricted),1,0,https://huggingface.co/cameron-d/multi-view-diffusion-course
a-r-orr/multi-view-diffusion-first-test,image-to-3d,openrail,openrail(restricted),1,0,https://huggingface.co/a-r-orr/multi-view-diffusion-first-test
ev1e/3dmodel,image-to-3d,openrail,openrail(restricted),1,0,https://huggingface.co/ev1e/3dmodel
dianonu/diana,image-to-3d,openrail,openrail(restricted),1,0,https://huggingface.co/dianonu/diana
prochitecture/multi-view-diffusion,image-to-3d,openrail,openrail(restricted),1,0,https://huggingface.co/prochitecture/multi-view-diffusion
marianaas8/MultiviewDiffusion,image-to-3d,openrail,openrail(restricted),1,0,https://huggingface.co/marianaas8/MultiviewDiffusion
amansingh1528/diffuser,image-to-3d,openrail,openrail(restricted),1,0,https://huggingface.co/amansingh1528/diffuser
Akash887/My-Multi-View-Diffusion,image-to-3d,openrail,openrail(restricted),1,0,https://huggingface.co/Akash887/My-Multi-View-Diffusion
aadikrish001/my-multi-view-diffusion,image-to-3d,openrail,openrail(restricted),1,0,https://huggingface.co/aadikrish001/my-multi-view-diffusion
IMasI2Cat/hf3dmldiffimas,image-to-3d,openrail,openrail(restricted),1,0,https://huggingface.co/IMasI2Cat/hf3dmldiffimas
Sohom2003/my-multi-view-diffusion,image-to-3d,openrail,openrail(restricted),1,0,https://huggingface.co/Sohom2003/my-multi-view-diffusion
DhruvDecoder/model_3d_diffuser,image-to-3d,openrail,openrail(restricted),1,0,https://huggingface.co/DhruvDecoder/model_3d_diffuser
tybi08/ragnar,image-to-3d,openrail,openrail(restricted),1,0,https://huggingface.co/tybi08/ragnar
zimengxiong/Modelr-SF3D,image-to-3d,other,unknown,1,1,https://huggingface.co/zimengxiong/Modelr-SF3D
hackbones/MVDx1,image-to-3d,openrail,openrail(restricted),1,0,https://huggingface.co/hackbones/MVDx1
descentbrine/Sharp-coreml,image-to-3d,apple-amlr,NON-COMMERCIAL,1,0,https://huggingface.co/descentbrine/Sharp-coreml
Jing12321/slam3r_i2p,image-to-3d,unknown,unknown,1,0,https://huggingface.co/Jing12321/slam3r_i2p
vinnnz/hf_3d_course2,image-to-3d,openrail,openrail(restricted),1,0,https://huggingface.co/vinnnz/hf_3d_course2
tt20140604/Hunyuan3D-2.1,image-to-3d,other,unknown,1,0,https://huggingface.co/tt20140604/Hunyuan3D-2.1
Peng-Wang/ImageDream,image-to-3d,openrail,openrail(restricted),0,39,https://huggingface.co/Peng-Wang/ImageDream
FrozenBurning/SceneDreamer,image-to-3d,other,unknown,0,44,https://huggingface.co/FrozenBurning/SceneDreamer
Rompo/Rompov,image-to-3d,unknown,unknown,0,3,https://huggingface.co/Rompo/Rompov
dylanebert/EasyVolcap,image-to-3d,other,unknown,0,5,https://huggingface.co/dylanebert/EasyVolcap
dylanebert/4K4D,image-to-3d,other,unknown,0,7,https://huggingface.co/dylanebert/4K4D
dylanebert/3DFauna,image-to-3d,unknown,unknown,0,3,https://huggingface.co/dylanebert/3DFauna
dylanebert/HarmonyView,image-to-3d,unknown,unknown,0,1,https://huggingface.co/dylanebert/HarmonyView
dylanebert/DSINE,image-to-3d,unknown,unknown,0,6,https://huggingface.co/dylanebert/DSINE
dylanebert/StyleGaussian,image-to-3d,unknown,unknown,0,3,https://huggingface.co/dylanebert/StyleGaussian
dylanebert/mvsplat,image-to-3d,unknown,unknown,0,5,https://huggingface.co/dylanebert/mvsplat
Bianribian/Gian,image-to-3d,artistic-2.0,other,0,0,https://huggingface.co/Bianribian/Gian
paulengstler/invisible-stitch,image-to-3d,unknown,unknown,0,3,https://huggingface.co/paulengstler/invisible-stitch
m27m27/courseMVSDifuusion,image-to-3d,openrail,openrail(restricted),0,0,https://huggingface.co/m27m27/courseMVSDifuusion
KenanKhan/my-multi-view-diffusion,image-to-3d,openrail,openrail(restricted),0,0,https://huggingface.co/KenanKhan/my-multi-view-diffusion
mromerocastro/3d2xr,image-to-3d,openrail,openrail(restricted),0,0,https://huggingface.co/mromerocastro/3d2xr
chadlinden/stablediffusion1,image-to-3d,openrail,openrail(restricted),0,0,https://huggingface.co/chadlinden/stablediffusion1
Ryukijano/Multiview_diffusion,image-to-3d,openrail,openrail(restricted),0,0,https://huggingface.co/Ryukijano/Multiview_diffusion
amiltonwong/mvd,image-to-3d,openrail,openrail(restricted),0,0,https://huggingface.co/amiltonwong/mvd
myszopanda/blenda,image-to-3d,openrail,openrail(restricted),0,0,https://huggingface.co/myszopanda/blenda
facebook/VGGSfM,image-to-3d,cc-by-nc-4.0,NON-COMMERCIAL,0,8,https://huggingface.co/facebook/VGGSfM
ssontag/CM-A_Tests,image-to-3d,openrail,openrail(restricted),0,0,https://huggingface.co/ssontag/CM-A_Tests
rakkateichou/multi-view-diffusion-course,image-to-3d,openrail,openrail(restricted),0,0,https://huggingface.co/rakkateichou/multi-view-diffusion-course
Froggypan/ML3Dtutorial,image-to-3d,openrail,openrail(restricted),0,0,https://huggingface.co/Froggypan/ML3Dtutorial
2gnak/multi-view-diffusion-demo,image-to-3d,openrail,openrail(restricted),0,0,https://huggingface.co/2gnak/multi-view-diffusion-demo
Xeracle/my-multi-view-diffusion,image-to-3d,openrail,openrail(restricted),0,0,https://huggingface.co/Xeracle/my-multi-view-diffusion
twnatelo/multi-view-diffusion,image-to-3d,openrail,openrail(restricted),0,0,https://huggingface.co/twnatelo/multi-view-diffusion
fgkhvgkv/model1,image-to-3d,unknown,unknown,0,0,https://huggingface.co/fgkhvgkv/model1
vitamin-c-sharp/multiview-diffusion-generator,image-to-3d,openrail,openrail(restricted),0,0,https://huggingface.co/vitamin-c-sharp/multiview-diffusion-generator
Magical1/multi-view-diffusion_test,image-to-3d,openrail,openrail(restricted),0,0,https://huggingface.co/Magical1/multi-view-diffusion_test
ADSKAILab/Make-A-Shape-single-view-20m,image-to-3d,other,unknown,0,4,https://huggingface.co/ADSKAILab/Make-A-Shape-single-view-20m
zzzinuzzz/nackedei,image-to-3d,cc,other,0,0,https://huggingface.co/zzzinuzzz/nackedei
shrutin97/multi-view-diffusion,image-to-3d,openrail,openrail(restricted),0,0,https://huggingface.co/shrutin97/multi-view-diffusion
FermiQ/multiViewdiff,image-to-3d,openrail,openrail(restricted),0,0,https://huggingface.co/FermiQ/multiViewdiff
ADSKAILab/Make-A-Shape-multi-view-20m,image-to-3d,other,unknown,0,6,https://huggingface.co/ADSKAILab/Make-A-Shape-multi-view-20m
jkorstad/multi-view-diffusion,image-to-3d,openrail,openrail(restricted),0,0,https://huggingface.co/jkorstad/multi-view-diffusion
jayc0207/js_multi_view_diffusion,image-to-3d,openrail,openrail(restricted),0,0,https://huggingface.co/jayc0207/js_multi_view_diffusion
a4mula/multiview-diffusion,image-to-3d,openrail,openrail(restricted),0,0,https://huggingface.co/a4mula/multiview-diffusion
ADSKAILab/WaLa-SV-1B,image-to-3d,other,unknown,0,5,https://huggingface.co/ADSKAILab/WaLa-SV-1B
ADSKAILab/WaLa-RGB4-1B,image-to-3d,other,unknown,0,1,https://huggingface.co/ADSKAILab/WaLa-RGB4-1B
ADSKAILab/WaLa-DM4-1B,image-to-3d,other,unknown,0,0,https://huggingface.co/ADSKAILab/WaLa-DM4-1B
ADSKAILab/WaLa-DM6-1B,image-to-3d,other,unknown,0,0,https://huggingface.co/ADSKAILab/WaLa-DM6-1B
ADSKAILab/WaLa-SK-1B,image-to-3d,other,unknown,0,0,https://huggingface.co/ADSKAILab/WaLa-SK-1B
ZoraBesho/Zora,image-to-3d,llama3.2,other,0,0,https://huggingface.co/ZoraBesho/Zora
dorukbenli/multi-view-diffusion,image-to-3d,openrail,openrail(restricted),0,0,https://huggingface.co/dorukbenli/multi-view-diffusion
DahVip/romulus,image-to-3d,openrail,openrail(restricted),0,0,https://huggingface.co/DahVip/romulus
jurmy24/multi-view-diffusion,image-to-3d,openrail,openrail(restricted),0,0,https://huggingface.co/jurmy24/multi-view-diffusion
ADSKAILab/WaLa-DM1-1B,image-to-3d,other,unknown,0,0,https://huggingface.co/ADSKAILab/WaLa-DM1-1B
Gynjn/SelfSplat,image-to-3d,unknown,unknown,0,1,https://huggingface.co/Gynjn/SelfSplat
kavathiya/multi-view-diff,image-to-3d,openrail,openrail(restricted),0,0,https://huggingface.co/kavathiya/multi-view-diff
YJET/1,image-to-3d,unknown,unknown,0,0,https://huggingface.co/YJET/1
Zhenggang/MV-DUSt3R,image-to-3d,cc-by-nc-4.0,NON-COMMERCIAL,0,9,https://huggingface.co/Zhenggang/MV-DUSt3R
zakariyamansuri1/LGM_Full,image-to-3d,unknown,unknown,0,0,https://huggingface.co/zakariyamansuri1/LGM_Full
mertkb/palmtree,image-to-3d,openrail,openrail(restricted),0,0,https://huggingface.co/mertkb/palmtree
TeslaYang123/CityGaussianV2,image-to-3d,cc-by-nc-sa-4.0,NON-COMMERCIAL,0,4,https://huggingface.co/TeslaYang123/CityGaussianV2
jingwei-xu-00/pretrained_backup_for_streetunveiler,image-to-3d,unknown,unknown,0,1,https://huggingface.co/jingwei-xu-00/pretrained_backup_for_streetunveiler
convertor/s0123,image-to-3d,other,unknown,0,3,https://huggingface.co/convertor/s0123
marianafdz97/3D_GANG,image-to-3d,openrail,openrail(restricted),0,0,https://huggingface.co/marianafdz97/3D_GANG
hyz317/PrimitiveAnything,image-to-3d,gpl-3.0,other,0,6,https://huggingface.co/hyz317/PrimitiveAnything
Manojb/ImageDream,image-to-3d,openrail,openrail(restricted),0,0,https://huggingface.co/Manojb/ImageDream
gqk/Hunyuan3D-2.1-fork,image-to-3d,other,unknown,0,0,https://huggingface.co/gqk/Hunyuan3D-2.1-fork
AmirHossein-razlighi/confident-splatting,image-to-3d,cc-by-sa-4.0,other,0,0,https://huggingface.co/AmirHossein-razlighi/confident-splatting
akretz/VGGT-1B-onnx,image-to-3d,cc-by-nc-4.0,NON-COMMERCIAL,0,4,https://huggingface.co/akretz/VGGT-1B-onnx
facebook/oss_gate_test,image-to-3d,other,unknown,0,1,https://huggingface.co/facebook/oss_gate_test
lalala125/DiscreteSDF,image-to-3d,cc-by-nc-4.0,NON-COMMERCIAL,0,2,https://huggingface.co/lalala125/DiscreteSDF
snap-research/gtr,image-to-3d,other,unknown,0,2,https://huggingface.co/snap-research/gtr
lalala125/GSROR,image-to-3d,cc-by-nc-4.0,NON-COMMERCIAL,0,2,https://huggingface.co/lalala125/GSROR
HKUST-SAIL/SAIL-Recon,image-to-3d,unknown,unknown,0,9,https://huggingface.co/HKUST-SAIL/SAIL-Recon
faneggg/human3r,image-to-3d,cc-by-nc-sa-4.0,NON-COMMERCIAL,0,7,https://huggingface.co/faneggg/human3r
Co2y/UP2You,image-to-3d,cc-by-nc-nd-4.0,NON-COMMERCIAL,0,7,https://huggingface.co/Co2y/UP2You
aakashsonkar/multi_view_diffusion,image-to-3d,openrail,openrail(restricted),0,0,https://huggingface.co/aakashsonkar/multi_view_diffusion
peabody124/Sam3dBodyEqx,image-to-3d,other,unknown,0,0,https://huggingface.co/peabody124/Sam3dBodyEqx
pearsonkyle/Sharp-onnx,image-to-3d,apple-amlr,NON-COMMERCIAL,0,3,https://huggingface.co/pearsonkyle/Sharp-onnx
qian43/Sat2Densitypp,image-to-3d,unknown,unknown,0,1,https://huggingface.co/qian43/Sat2Densitypp
Deucalion2003/3DGenerator,image-to-3d,openrail,openrail(restricted),0,0,https://huggingface.co/Deucalion2003/3DGenerator
TencentARC/MotionCrafter,image-to-3d,other,unknown,0,13,https://huggingface.co/TencentARC/MotionCrafter
PAct000/PAct,image-to-3d,cc-by-nc-sa-4.0,NON-COMMERCIAL,0,0,https://huggingface.co/PAct000/PAct
MLAdaptiveIntelligence/FMPose3D,image-to-3d,unknown,unknown,0,4,https://huggingface.co/MLAdaptiveIntelligence/FMPose3D
Arendmetnb/HunyuanWorld-1,image-to-3d,other,unknown,0,0,https://huggingface.co/Arendmetnb/HunyuanWorld-1
buildoak/sharp-onnx,image-to-3d,other,unknown,0,0,https://huggingface.co/buildoak/sharp-onnx
Junyi42/LoGeR,image-to-3d,unknown,unknown,0,9,https://huggingface.co/Junyi42/LoGeR
jaumebalust/VGGSfM,image-to-3d,cc-by-nc-4.0,NON-COMMERCIAL,0,0,https://huggingface.co/jaumebalust/VGGSfM
AEmotionStudio/sharp,image-to-3d,other,unknown,0,0,https://huggingface.co/AEmotionStudio/sharp
INSAIT-Institute/COM4D,image-to-3d,unknown,unknown,0,1,https://huggingface.co/INSAIT-Institute/COM4D
MLAdaptiveIntelligence/PRIMA,image-to-3d,unknown,unknown,0,0,https://huggingface.co/MLAdaptiveIntelligence/PRIMA
xbillowy/Scal3R,image-to-3d,unknown,unknown,0,1,https://huggingface.co/xbillowy/Scal3R
oxide-lab/Pi3X,image-to-3d,cc-by-nc-4.0,NON-COMMERCIAL,0,0,https://huggingface.co/oxide-lab/Pi3X
PeterDAI/Free-Geometry,image-to-3d,unknown,unknown,0,2,https://huggingface.co/PeterDAI/Free-Geometry
Cosmicvibez/HY-World-2.0,image-to-3d,other,unknown,0,1,https://huggingface.co/Cosmicvibez/HY-World-2.0
needle-tools/Sharp-webgpu,image-to-3d,apple-amlr,NON-COMMERCIAL,0,0,https://huggingface.co/needle-tools/Sharp-webgpu
mcErykO/HY-World-2.0,image-to-3d,other,unknown,0,0,https://huggingface.co/mcErykO/HY-World-2.0
ZipW/FlashVGGT,image-to-3d,cc-by-nc-4.0,NON-COMMERCIAL,0,0,https://huggingface.co/ZipW/FlashVGGT
MalikAhmedFF/Malia,image-to-3d,cc,other,0,0,https://huggingface.co/MalikAhmedFF/Malia
EllaPriest45/Pixal3D,image-to-3d,other,unknown,0,0,https://huggingface.co/EllaPriest45/Pixal3D
Andrettiaaa/Pixal3D,image-to-3d,other,unknown,0,0,https://huggingface.co/Andrettiaaa/Pixal3D
facebook/Large-Sparse-Reconstruction-Model,image-to-3d,cc-by-nc-4.0,NON-COMMERCIAL,0,4,https://huggingface.co/facebook/Large-Sparse-Reconstruction-Model
appautomaton/sam-3d-objects-mlx,image-to-3d,other,unknown,0,0,https://huggingface.co/appautomaton/sam-3d-objects-mlx
appautomaton/lito-research-mlx,image-to-3d,other,unknown,0,0,https://huggingface.co/appautomaton/lito-research-mlx
haoz19/object-model-6layer,image-to-3d,cc-by-nc-nd-4.0,NON-COMMERCIAL,0,13,https://huggingface.co/haoz19/object-model-6layer
haoz19/dynamic-model-16frame,image-to-3d,cc-by-nc-nd-4.0,NON-COMMERCIAL,0,4,https://huggingface.co/haoz19/dynamic-model-16frame
quan5609/EcoSplat,image-to-3d,cc-by-nc-4.0,NON-COMMERCIAL,0,0,https://huggingface.co/quan5609/EcoSplat
Pedro-Quesado/LiveStre4m,image-to-3d,cc-by-nc-sa-4.0,NON-COMMERCIAL,0,0,https://huggingface.co/Pedro-Quesado/LiveStre4m
veichta/zipsplat,image-to-3d,cc-by-nc-4.0,NON-COMMERCIAL,0,0,https://huggingface.co/veichta/zipsplat
TencentARC/Sculpt4D,image-to-3d,other,unknown,0,7,https://huggingface.co/TencentARC/Sculpt4D
brodatech/Sharp-onnx,image-to-3d,apple-amlr,NON-COMMERCIAL,0,1,https://huggingface.co/brodatech/Sharp-onnx
haoz19/scene-model-6layer-840,image-to-3d,cc-by-nc-nd-4.0,NON-COMMERCIAL,0,8,https://huggingface.co/haoz19/scene-model-6layer-840
ZackaryJing/dm-cad,image-to-3d,other,unknown,0,0,https://huggingface.co/ZackaryJing/dm-cad
richardchencccc/FreeStreamGS,image-to-3d,other,unknown,0,0,https://huggingface.co/richardchencccc/FreeStreamGS
Knowing/F4Splat,image-to-3d,unknown,unknown,0,0,https://huggingface.co/Knowing/F4Splat
xocialize/trellis2-mlx,image-to-3d,other,unknown,0,0,https://huggingface.co/xocialize/trellis2-mlx
Roni-It/globalsplat,image-to-3d,other,unknown,0,0,https://huggingface.co/Roni-It/globalsplat
RealseeTechnology/argus-realsee3d,image-to-3d,cc-by-nc-4.0,NON-COMMERCIAL,0,1,https://huggingface.co/RealseeTechnology/argus-realsee3d
Maikou/Michelangelo,text-to-3d,lgpl-3.0,other,0,25,https://huggingface.co/Maikou/Michelangelo
ironjr/LucidDreamer,text-to-3d,unknown,unknown,0,4,https://huggingface.co/ironjr/LucidDreamer
stabilityai/stable-zero123,text-to-3d,other,unknown,0,771,https://huggingface.co/stabilityai/stable-zero123
model-hub/stable-zero123,text-to-3d,other,unknown,0,6,https://huggingface.co/model-hub/stable-zero123
hzxie/city-dreamer,text-to-3d,other,unknown,0,9,https://huggingface.co/hzxie/city-dreamer
yslan/LN3Diff,text-to-3d,unknown,unknown,0,8,https://huggingface.co/yslan/LN3Diff
wyysf/CraftsMan,text-to-3d,other,unknown,0,14,https://huggingface.co/wyysf/CraftsMan
antitheft159/WealthAnchor,text-to-3d,gpl,other,0,0,https://huggingface.co/antitheft159/WealthAnchor
dylanebert/PanoHead,text-to-3d,unknown,unknown,0,0,https://huggingface.co/dylanebert/PanoHead
dylanebert/iComMa,text-to-3d,unknown,unknown,0,0,https://huggingface.co/dylanebert/iComMa
KevinHuang/DreamWaltz-G,text-to-3d,unknown,unknown,0,4,https://huggingface.co/KevinHuang/DreamWaltz-G
luisgamerplay/bioluminescent_mushroom,text-to-3d,openrail,openrail(restricted),0,0,https://huggingface.co/luisgamerplay/bioluminescent_mushroom
hzxie/gaussian-city,text-to-3d,other,unknown,0,4,https://huggingface.co/hzxie/gaussian-city
Hermit000-1/ai-tech,text-to-3d,unknown,unknown,0,0,https://huggingface.co/Hermit000-1/ai-tech
Zanflip/ZanGen,text-to-3d,unknown,unknown,0,1,https://huggingface.co/Zanflip/ZanGen
KangLiao/Puffin,text-to-3d,other,unknown,0,24,https://huggingface.co/KangLiao/Puffin
NicolasG2523/hunyuan3d-dit-v2-0-endpoint,text-to-3d,unknown,unknown,0,0,https://huggingface.co/NicolasG2523/hunyuan3d-dit-v2-0-endpoint
Aabdulhadi/Medo,text-to-3d,openrail,openrail(restricted),0,0,https://huggingface.co/Aabdulhadi/Medo
Jiakui/MV-AR,text-to-3d,cc-by-nc-4.0,NON-COMMERCIAL,0,1,https://huggingface.co/Jiakui/MV-AR
faufhesuef/cartoon,text-to-3d,unknown,unknown,0,0,https://huggingface.co/faufhesuef/cartoon
micahread/stable-zero123,text-to-3d,other,unknown,0,0,https://huggingface.co/micahread/stable-zero123
orgaddas/Ezren,text-to-3d,unknown,unknown,0,0,https://huggingface.co/orgaddas/Ezren
Abhikie18/stable-zero123,text-to-3d,other,unknown,0,0,https://huggingface.co/Abhikie18/stable-zero123
itriedcoding/Forge3D,text-to-3d,other,unknown,0,0,https://huggingface.co/itriedcoding/Forge3D
UNLOCKLAND/MAJLIS,text-to-3d,other,unknown,0,1,https://huggingface.co/UNLOCKLAND/MAJLIS
StabilityLabs/arbor,text-to-3d,other,unknown,0,23,https://huggingface.co/StabilityLabs/arbor
Roblox/cubepart,text-to-3d,openrail,openrail(restricted),0,18,https://huggingface.co/Roblox/cubepart
Bharat-27G/stable-zero123,text-to-3d,other,unknown,0,0,https://huggingface.co/Bharat-27G/stable-zero123
leyliakhairani/stable-zero123,text-to-3d,other,unknown,0,0,https://huggingface.co/leyliakhairani/stable-zero123
