id,category,source_id,product_type,dim_x_m,dim_y_m,dim_z_m,faces,glb_size_mb,license,source
office_chair_B07DBH52YB,office_chair,B07DBH52YB,CHAIR,0.689,0.886,0.806,5956,1.0,CC-BY-4.0,Amazon Berkeley Objects (ABO)
office_chair_B076HDDMKM,office_chair,B076HDDMKM,CHAIR,0.399,0.897,0.556,5795,1.0,CC-BY-4.0,Amazon Berkeley Objects (ABO)
office_chair_B075ZZYH4B,office_chair,B075ZZYH4B,CHAIR,0.399,0.897,0.556,5795,1.0,CC-BY-4.0,Amazon Berkeley Objects (ABO)
office_chair_B075YMJ254,office_chair,B075YMJ254,CHAIR,0.483,0.892,0.569,10016,1.1,CC-BY-4.0,Amazon Berkeley Objects (ABO)
office_chair_B075X4N4S4,office_chair,B075X4N4S4,CHAIR,0.928,0.773,0.843,23778,1.2,CC-BY-4.0,Amazon Berkeley Objects (ABO)
office_chair_B07DBGPHG5,office_chair,B07DBGPHG5,CHAIR,0.715,1.017,0.89,10922,1.3,CC-BY-4.0,Amazon Berkeley Objects (ABO)
office_chair_B072PZSJ41,office_chair,B072PZSJ41,CHAIR,1.024,1.01,1.038,16994,1.4,CC-BY-4.0,Amazon Berkeley Objects (ABO)
office_chair_B07B7B244W,office_chair,B07B7B244W,CHAIR,0.571,0.832,0.677,10610,1.4,CC-BY-4.0,Amazon Berkeley Objects (ABO)
office_chair_B072Y6Y96S,office_chair,B072Y6Y96S,CHAIR,0.683,0.951,0.772,13700,1.4,CC-BY-4.0,Amazon Berkeley Objects (ABO)
office_chair_B07B4MRLRJ,office_chair,B07B4MRLRJ,CHAIR,1.004,0.842,0.805,7124,1.5,CC-BY-4.0,Amazon Berkeley Objects (ABO)
office_chair_B073G6GTKL,office_chair,B073G6GTKL,CHAIR,0.663,0.792,0.743,16948,1.6,CC-BY-4.0,Amazon Berkeley Objects (ABO)
office_chair_B075YPTG6M,office_chair,B075YPTG6M,CHAIR,0.479,0.858,0.518,12508,1.6,CC-BY-4.0,Amazon Berkeley Objects (ABO)
office_chair_B075YN3HN9,office_chair,B075YN3HN9,CHAIR,0.472,0.889,0.561,9308,1.7,CC-BY-4.0,Amazon Berkeley Objects (ABO)
office_chair_B075X4N515,office_chair,B075X4N515,CHAIR,0.836,0.911,0.831,22648,1.8,CC-BY-4.0,Amazon Berkeley Objects (ABO)
office_chair_B072JG3WN7,office_chair,B072JG3WN7,CHAIR,1.293,1.005,1.274,18342,1.8,CC-BY-4.0,Amazon Berkeley Objects (ABO)
office_chair_B07B78M186,office_chair,B07B78M186,CHAIR,0.508,0.952,0.655,3402,1.8,CC-BY-4.0,Amazon Berkeley Objects (ABO)
office_chair_B07B7BFP97,office_chair,B07B7BFP97,CHAIR,0.508,0.952,0.655,3402,1.9,CC-BY-4.0,Amazon Berkeley Objects (ABO)
office_chair_B07HSDY12Q,office_chair,B07HSDY12Q,CHAIR,0.533,0.736,0.5,25492,1.9,CC-BY-4.0,Amazon Berkeley Objects (ABO)
office_chair_B075X65R45,office_chair,B075X65R45,CHAIR,0.766,0.942,0.842,22828,1.9,CC-BY-4.0,Amazon Berkeley Objects (ABO)
office_chair_B0746DPMTR,office_chair,B0746DPMTR,CHAIR,0.784,0.95,0.906,12194,1.9,CC-BY-4.0,Amazon Berkeley Objects (ABO)
office_chair_B07B79WTSL,office_chair,B07B79WTSL,CHAIR,0.683,1.081,0.794,18324,1.9,CC-BY-4.0,Amazon Berkeley Objects (ABO)
office_chair_B075YMJ25F,office_chair,B075YMJ25F,CHAIR,0.47,0.931,0.612,11032,2.0,CC-BY-4.0,Amazon Berkeley Objects (ABO)
office_chair_B075YQ8Q2K,office_chair,B075YQ8Q2K,CHAIR,0.47,0.931,0.612,11032,2.0,CC-BY-4.0,Amazon Berkeley Objects (ABO)
office_chair_B075YP32LQ,office_chair,B075YP32LQ,CHAIR,0.47,0.931,0.612,11032,2.0,CC-BY-4.0,Amazon Berkeley Objects (ABO)
office_chair_B07HSL2HJZ,office_chair,B07HSL2HJZ,CHAIR,0.713,0.827,0.689,20274,2.0,CC-BY-4.0,Amazon Berkeley Objects (ABO)
office_chair_B07B7BDFPR,office_chair,B07B7BDFPR,CHAIR,0.683,1.081,0.794,18324,2.0,CC-BY-4.0,Amazon Berkeley Objects (ABO)
office_chair_B071J7Q6KD,office_chair,B071J7Q6KD,CHAIR,0.855,0.927,0.8,33279,2.0,CC-BY-4.0,Amazon Berkeley Objects (ABO)
office_chair_B075YP38DX,office_chair,B075YP38DX,CHAIR,0.535,0.924,0.623,24712,2.0,CC-BY-4.0,Amazon Berkeley Objects (ABO)
office_chair_B075X4YDCM,office_chair,B075X4YDCM,CHAIR,0.766,0.944,0.842,22828,2.0,CC-BY-4.0,Amazon Berkeley Objects (ABO)
office_chair_B075X4VW74,office_chair,B075X4VW74,CHAIR,1.42,0.846,0.871,16324,2.0,CC-BY-4.0,Amazon Berkeley Objects (ABO)
office_chair_B075YQ4778,office_chair,B075YQ4778,CHAIR,0.548,0.849,0.605,16446,2.1,CC-BY-4.0,Amazon Berkeley Objects (ABO)
office_chair_B075YP3BD8,office_chair,B075YP3BD8,CHAIR,0.513,0.905,0.584,10690,2.2,CC-BY-4.0,Amazon Berkeley Objects (ABO)
office_chair_B07B7B3RVS,office_chair,B07B7B3RVS,CHAIR,0.578,0.843,0.682,9430,2.2,CC-BY-4.0,Amazon Berkeley Objects (ABO)
office_chair_B075YQXQJR,office_chair,B075YQXQJR,CHAIR,0.513,0.905,0.584,10678,2.2,CC-BY-4.0,Amazon Berkeley Objects (ABO)
office_chair_B07B7BDW51,office_chair,B07B7BDW51,CHAIR,0.571,0.833,0.677,10610,2.2,CC-BY-4.0,Amazon Berkeley Objects (ABO)
office_chair_B07B7B6W64,office_chair,B07B7B6W64,CHAIR,0.571,0.833,0.677,10610,2.2,CC-BY-4.0,Amazon Berkeley Objects (ABO)
office_chair_B07HZ5P7N2,office_chair,B07HZ5P7N2,CHAIR,0.674,1.058,1.02,22236,2.2,CC-BY-4.0,Amazon Berkeley Objects (ABO)
office_chair_B07B4G5R5H,office_chair,B07B4G5R5H,CHAIR,0.65,0.889,0.775,23052,2.3,CC-BY-4.0,Amazon Berkeley Objects (ABO)
office_chair_B07B4MKSB1,office_chair,B07B4MKSB1,CHAIR,0.773,0.497,0.574,27064,2.3,CC-BY-4.0,Amazon Berkeley Objects (ABO)
office_chair_B07B4M6B3B,office_chair,B07B4M6B3B,CHAIR,0.782,0.897,0.83,17732,2.3,CC-BY-4.0,Amazon Berkeley Objects (ABO)
office_chair_B07B4N11TX,office_chair,B07B4N11TX,CHAIR,0.955,1.038,1.07,22480,2.3,CC-BY-4.0,Amazon Berkeley Objects (ABO)
office_chair_B0746H4BPM,office_chair,B0746H4BPM,CHAIR,0.793,0.952,0.91,16054,2.3,CC-BY-4.0,Amazon Berkeley Objects (ABO)
office_chair_B07HSJSH2Q,office_chair,B07HSJSH2Q,CHAIR,0.503,0.933,0.597,7252,2.3,CC-BY-4.0,Amazon Berkeley Objects (ABO)
office_chair_B00IFHPVEU,office_chair,B00IFHPVEU,CHAIR,0.576,0.998,0.641,70621,2.3,CC-BY-4.0,Amazon Berkeley Objects (ABO)
office_chair_B075YNJQLB,office_chair,B075YNJQLB,CHAIR,0.491,0.849,0.583,21116,2.4,CC-BY-4.0,Amazon Berkeley Objects (ABO)
office_chair_B071W5VD5C,office_chair,B071W5VD5C,CHAIR,0.878,1.063,0.904,19446,2.4,CC-BY-4.0,Amazon Berkeley Objects (ABO)
office_chair_B075X4YDN6,office_chair,B075X4YDN6,CHAIR,0.729,0.869,0.874,14694,2.4,CC-BY-4.0,Amazon Berkeley Objects (ABO)
office_chair_B0746GYJJD,office_chair,B0746GYJJD,CHAIR,0.758,0.956,0.813,8310,2.4,CC-BY-4.0,Amazon Berkeley Objects (ABO)
office_chair_B07B4FZGW8,office_chair,B07B4FZGW8,CHAIR,0.955,0.997,1.07,17144,2.4,CC-BY-4.0,Amazon Berkeley Objects (ABO)
office_chair_B07HJ66BLL,office_chair,B07HJ66BLL,CHAIR,0.696,1.293,0.651,59324,2.4,CC-BY-4.0,Amazon Berkeley Objects (ABO)
sofa_B07DBGHYG6,sofa,B07DBGHYG6,BENCH,0.987,0.589,0.346,5902,0.7,CC-BY-4.0,Amazon Berkeley Objects (ABO)
sofa_B07DBB7FN6,sofa,B07DBB7FN6,BENCH,0.987,0.646,0.369,6108,0.8,CC-BY-4.0,Amazon Berkeley Objects (ABO)
sofa_B07B4D89MZ,sofa,B07B4D89MZ,OTTOMAN,0.613,0.438,0.616,12552,0.8,CC-BY-4.0,Amazon Berkeley Objects (ABO)
sofa_B07B4GXYDG,sofa,B07B4GXYDG,OTTOMAN,0.922,0.948,0.882,25642,1.1,CC-BY-4.0,Amazon Berkeley Objects (ABO)
sofa_B07B4MH5Q1,sofa,B07B4MH5Q1,OTTOMAN,0.839,0.464,0.639,14208,1.1,CC-BY-4.0,Amazon Berkeley Objects (ABO)
sofa_B07DBDTCTY,sofa,B07DBDTCTY,BENCH,0.734,0.461,0.362,13096,1.1,CC-BY-4.0,Amazon Berkeley Objects (ABO)
sofa_B07DBDZ4SG,sofa,B07DBDZ4SG,BENCH,1.196,0.453,0.363,17778,1.1,CC-BY-4.0,Amazon Berkeley Objects (ABO)
sofa_B07B4MKCLM,sofa,B07B4MKCLM,OTTOMAN,1.726,0.46,0.735,21180,1.2,CC-BY-4.0,Amazon Berkeley Objects (ABO)
sofa_B07B4MGBJD,sofa,B07B4MGBJD,OTTOMAN,1.764,0.47,0.751,21180,1.2,CC-BY-4.0,Amazon Berkeley Objects (ABO)
sofa_B07B4M6BS1,sofa,B07B4M6BS1,SOFA,1.716,0.862,0.866,19812,1.4,CC-BY-4.0,Amazon Berkeley Objects (ABO)
sofa_B07B4L4PCX,sofa,B07B4L4PCX,SOFA,2.208,0.965,0.951,19496,1.4,CC-BY-4.0,Amazon Berkeley Objects (ABO)
sofa_B07B4GNCRT,sofa,B07B4GNCRT,SOFA,2.434,0.965,0.951,19496,1.4,CC-BY-4.0,Amazon Berkeley Objects (ABO)
sofa_B07HZ6YWZY,sofa,B07HZ6YWZY,OTTOMAN,0.885,0.438,0.57,18500,1.4,CC-BY-4.0,Amazon Berkeley Objects (ABO)
sofa_B07J2VY53W,sofa,B07J2VY53W,OTTOMAN,0.902,0.395,0.901,27504,1.5,CC-BY-4.0,Amazon Berkeley Objects (ABO)
sofa_B07B4G5QDB,sofa,B07B4G5QDB,SOFA,2.218,0.874,0.859,17212,1.5,CC-BY-4.0,Amazon Berkeley Objects (ABO)
sofa_B071PDYXKC,sofa,B071PDYXKC,OTTOMAN,0.655,0.399,0.648,5262,1.5,CC-BY-4.0,Amazon Berkeley Objects (ABO)
sofa_B07DBHFDSQ,sofa,B07DBHFDSQ,BENCH,0.973,0.561,0.345,2564,1.5,CC-BY-4.0,Amazon Berkeley Objects (ABO)
sofa_B073G856G3,sofa,B073G856G3,OTTOMAN,0.507,0.475,0.497,20894,1.5,CC-BY-4.0,Amazon Berkeley Objects (ABO)
sofa_B07B4FZWCN,sofa,B07B4FZWCN,OTTOMAN,2.561,0.928,1.294,46547,1.5,CC-BY-4.0,Amazon Berkeley Objects (ABO)
sofa_B07B4FZNM4,sofa,B07B4FZNM4,OTTOMAN,2.561,0.928,1.294,46526,1.5,CC-BY-4.0,Amazon Berkeley Objects (ABO)
sofa_B072FVHS93,sofa,B072FVHS93,SOFA,1.776,0.836,0.97,7024,1.6,CC-BY-4.0,Amazon Berkeley Objects (ABO)
sofa_B071FMSYZV,sofa,B071FMSYZV,OTTOMAN,1.25,0.434,0.817,13904,1.6,CC-BY-4.0,Amazon Berkeley Objects (ABO)
sofa_B07HZ7TL95,sofa,B07HZ7TL95,SOFA,1.589,0.921,0.987,23216,1.6,CC-BY-4.0,Amazon Berkeley Objects (ABO)
sofa_B07B4N1RTQ,sofa,B07B4N1RTQ,SOFA,2.218,0.874,0.859,17212,1.6,CC-BY-4.0,Amazon Berkeley Objects (ABO)
sofa_B07B4MDDDJ,sofa,B07B4MDDDJ,SOFA,1.716,0.862,0.866,19812,1.6,CC-BY-4.0,Amazon Berkeley Objects (ABO)
sofa_B07B4G5QD4,sofa,B07B4G5QD4,SOFA,2.218,0.874,0.859,17212,1.6,CC-BY-4.0,Amazon Berkeley Objects (ABO)
sofa_B07B4D88HC,sofa,B07B4D88HC,OTTOMAN,2.587,1.562,1.351,35284,1.7,CC-BY-4.0,Amazon Berkeley Objects (ABO)
sofa_B071W5VJ93,sofa,B071W5VJ93,OTTOMAN,0.835,0.497,0.581,9744,1.7,CC-BY-4.0,Amazon Berkeley Objects (ABO)
sofa_B07B4GSKS1,sofa,B07B4GSKS1,OTTOMAN,0.838,0.479,0.838,6096,1.7,CC-BY-4.0,Amazon Berkeley Objects (ABO)
sofa_B07B4MPVZG,sofa,B07B4MPVZG,SOFA,1.716,0.862,0.866,19812,1.7,CC-BY-4.0,Amazon Berkeley Objects (ABO)
sofa_B07B4G5ZL3,sofa,B07B4G5ZL3,OTTOMAN,0.808,0.612,0.871,12176,1.7,CC-BY-4.0,Amazon Berkeley Objects (ABO)
sofa_B073G7BV63,sofa,B073G7BV63,OTTOMAN,0.507,0.475,0.497,20894,1.7,CC-BY-4.0,Amazon Berkeley Objects (ABO)
sofa_B073GC43LG,sofa,B073GC43LG,OTTOMAN,0.507,0.475,0.497,20894,1.8,CC-BY-4.0,Amazon Berkeley Objects (ABO)
sofa_B07B4SC9RP,sofa,B07B4SC9RP,BENCH,1.488,0.488,0.479,14168,1.8,CC-BY-4.0,Amazon Berkeley Objects (ABO)
sofa_B07HZ6HHD6,sofa,B07HZ6HHD6,SOFA,2.238,1.019,1.11,43466,1.9,CC-BY-4.0,Amazon Berkeley Objects (ABO)
sofa_B07B4GSNB1,sofa,B07B4GSNB1,OTTOMAN,0.818,0.485,0.634,6656,1.9,CC-BY-4.0,Amazon Berkeley Objects (ABO)
sofa_B071FMSY5S,sofa,B071FMSY5S,SOFA,1.518,0.93,0.999,22524,1.9,CC-BY-4.0,Amazon Berkeley Objects (ABO)
sofa_B07HZ6ZCW7,sofa,B07HZ6ZCW7,SOFA,2.238,1.019,1.11,43466,2.0,CC-BY-4.0,Amazon Berkeley Objects (ABO)
sofa_B073ZRS8TR,sofa,B073ZRS8TR,OTTOMAN,1.097,0.461,0.617,6644,2.0,CC-BY-4.0,Amazon Berkeley Objects (ABO)
sofa_B07DBB1T6Z,sofa,B07DBB1T6Z,BENCH,0.734,0.461,0.362,13096,2.0,CC-BY-4.0,Amazon Berkeley Objects (ABO)
sofa_B07HZ7X963,sofa,B07HZ7X963,SOFA,2.344,0.926,0.987,28632,2.0,CC-BY-4.0,Amazon Berkeley Objects (ABO)
sofa_B07J2W23YZ,sofa,B07J2W23YZ,OTTOMAN,0.912,0.916,1.001,12484,2.0,CC-BY-4.0,Amazon Berkeley Objects (ABO)
sofa_B073ZRX6T8,sofa,B073ZRX6T8,OTTOMAN,1.097,0.448,0.617,6644,2.1,CC-BY-4.0,Amazon Berkeley Objects (ABO)
sofa_B073G6T3GM,sofa,B073G6T3GM,OTTOMAN,0.443,0.502,0.494,9552,2.1,CC-BY-4.0,Amazon Berkeley Objects (ABO)
sofa_B073GBFBWJ,sofa,B073GBFBWJ,OTTOMAN,0.454,0.505,0.492,10560,2.1,CC-BY-4.0,Amazon Berkeley Objects (ABO)
sofa_B07B4M2QSW,sofa,B07B4M2QSW,OTTOMAN,2.131,0.902,0.791,49461,2.1,CC-BY-4.0,Amazon Berkeley Objects (ABO)
sofa_B075X4HZXK,sofa,B075X4HZXK,OTTOMAN,0.891,0.439,0.901,49376,2.1,CC-BY-4.0,Amazon Berkeley Objects (ABO)
sofa_B07HZ4XHMX,sofa,B07HZ4XHMX,SOFA,1.801,1.059,0.997,36480,2.2,CC-BY-4.0,Amazon Berkeley Objects (ABO)
sofa_B07B4G46T9,sofa,B07B4G46T9,OTTOMAN,0.764,0.402,0.57,7488,2.2,CC-BY-4.0,Amazon Berkeley Objects (ABO)
sofa_B073G947XM,sofa,B073G947XM,BENCH,0.989,0.501,0.505,6744,2.2,CC-BY-4.0,Amazon Berkeley Objects (ABO)
stool_B07B79GMHH,stool,B07B79GMHH,STOOL_SEATING,0.457,0.737,0.476,9322,0.4,CC-BY-4.0,Amazon Berkeley Objects (ABO)
stool_B07B7B3CVQ,stool,B07B7B3CVQ,STOOL_SEATING,0.457,0.737,0.476,9600,0.4,CC-BY-4.0,Amazon Berkeley Objects (ABO)
stool_B07B7BRXCK,stool,B07B7BRXCK,STOOL_SEATING,0.457,0.737,0.476,9586,0.4,CC-BY-4.0,Amazon Berkeley Objects (ABO)
stool_B07B7B94GH,stool,B07B7B94GH,STOOL_SEATING,0.457,0.737,0.476,9586,0.4,CC-BY-4.0,Amazon Berkeley Objects (ABO)
stool_B07B78M4DN,stool,B07B78M4DN,STOOL_SEATING,0.457,0.737,0.476,9322,0.4,CC-BY-4.0,Amazon Berkeley Objects (ABO)
stool_B07B7B9FKC,stool,B07B7B9FKC,STOOL_SEATING,0.457,0.737,0.476,9322,0.5,CC-BY-4.0,Amazon Berkeley Objects (ABO)
stool_B07B7BJKBN,stool,B07B7BJKBN,STOOL_SEATING,0.457,0.737,0.476,9594,0.7,CC-BY-4.0,Amazon Berkeley Objects (ABO)
stool_B07GNCVKSG,stool,B07GNCVKSG,STOOL_SEATING,0.406,0.61,0.406,13992,1.0,CC-BY-4.0,Amazon Berkeley Objects (ABO)
stool_B07DBDZ2PV,stool,B07DBDZ2PV,STOOL_SEATING,0.399,0.609,0.359,19210,1.0,CC-BY-4.0,Amazon Berkeley Objects (ABO)
stool_B07DBB1GX5,stool,B07DBB1GX5,STOOL_SEATING,0.359,0.609,0.399,19371,1.0,CC-BY-4.0,Amazon Berkeley Objects (ABO)
stool_B07HSB4WV6,stool,B07HSB4WV6,STOOL_SEATING,0.462,1.084,0.546,6536,1.1,CC-BY-4.0,Amazon Berkeley Objects (ABO)
stool_B075Z6YRVN,stool,B075Z6YRVN,STOOL_SEATING,0.514,1.082,0.561,25076,1.2,CC-BY-4.0,Amazon Berkeley Objects (ABO)
stool_B07L6KPT9P,stool,B07L6KPT9P,STOOL_SEATING,0.406,0.742,0.322,14348,1.2,CC-BY-4.0,Amazon Berkeley Objects (ABO)
stool_B07L6BMW6Q,stool,B07L6BMW6Q,STOOL_SEATING,0.406,0.61,0.322,14348,1.2,CC-BY-4.0,Amazon Berkeley Objects (ABO)
stool_B07HSK7Z85,stool,B07HSK7Z85,STOOL_SEATING,0.464,1.061,0.573,16840,1.2,CC-BY-4.0,Amazon Berkeley Objects (ABO)
stool_B07DBD9VY1,stool,B07DBD9VY1,STOOL_SEATING,0.41,0.608,0.41,16622,1.3,CC-BY-4.0,Amazon Berkeley Objects (ABO)
stool_B072Y2MRY2,stool,B072Y2MRY2,STOOL_SEATING,0.673,0.576,0.638,27488,1.4,CC-BY-4.0,Amazon Berkeley Objects (ABO)
stool_B07DBD3G32,stool,B07DBD3G32,STOOL_SEATING,0.41,0.608,0.41,16544,1.4,CC-BY-4.0,Amazon Berkeley Objects (ABO)
stool_B07L6C51SC,stool,B07L6C51SC,STOOL_SEATING,0.406,0.742,0.322,14348,1.6,CC-BY-4.0,Amazon Berkeley Objects (ABO)
stool_B07L6KM74G,stool,B07L6KM74G,STOOL_SEATING,0.406,0.61,0.322,14348,1.6,CC-BY-4.0,Amazon Berkeley Objects (ABO)
stool_B07L6MD26Y,stool,B07L6MD26Y,STOOL_SEATING,0.406,0.742,0.322,14348,1.7,CC-BY-4.0,Amazon Berkeley Objects (ABO)
stool_B07L6LL293,stool,B07L6LL293,STOOL_SEATING,0.406,0.61,0.322,14348,1.7,CC-BY-4.0,Amazon Berkeley Objects (ABO)
stool_B075YMY1PD,stool,B075YMY1PD,STOOL_SEATING,0.548,1.012,0.558,13086,1.7,CC-BY-4.0,Amazon Berkeley Objects (ABO)
stool_B07DB8XFGM,stool,B07DB8XFGM,STOOL_SEATING,0.455,0.609,0.423,18294,1.7,CC-BY-4.0,Amazon Berkeley Objects (ABO)
stool_B07DBDT68B,stool,B07DBDT68B,STOOL_SEATING,0.398,0.609,0.358,18834,1.8,CC-BY-4.0,Amazon Berkeley Objects (ABO)
stool_B07B8F76PH,stool,B07B8F76PH,STOOL_SEATING,0.457,0.538,0.423,9436,1.8,CC-BY-4.0,Amazon Berkeley Objects (ABO)
stool_B07DBF5JCC,stool,B07DBF5JCC,STOOL_SEATING,0.359,0.609,0.399,19371,1.8,CC-BY-4.0,Amazon Berkeley Objects (ABO)
stool_B07B8F6V9M,stool,B07B8F6V9M,STOOL_SEATING,0.457,0.593,0.421,10300,1.8,CC-BY-4.0,Amazon Berkeley Objects (ABO)
stool_B07B8445B5,stool,B07B8445B5,STOOL_SEATING,0.438,0.595,0.472,10300,1.8,CC-BY-4.0,Amazon Berkeley Objects (ABO)
stool_B07B8JBR7N,stool,B07B8JBR7N,STOOL_SEATING,0.457,0.595,0.43,10300,1.8,CC-BY-4.0,Amazon Berkeley Objects (ABO)
stool_B07DBGJ4CS,stool,B07DBGJ4CS,STOOL_SEATING,0.436,1.023,0.475,22812,1.9,CC-BY-4.0,Amazon Berkeley Objects (ABO)
stool_B07DBG26SH,stool,B07DBG26SH,STOOL_SEATING,0.436,1.042,0.475,22812,1.9,CC-BY-4.0,Amazon Berkeley Objects (ABO)
stool_B07B7B94NC,stool,B07B7B94NC,STOOL_SEATING,0.457,0.737,0.476,4368,2.0,CC-BY-4.0,Amazon Berkeley Objects (ABO)
stool_B075YPTF1L,stool,B075YPTF1L,STOOL_SEATING,0.48,0.679,0.401,21616,2.0,CC-BY-4.0,Amazon Berkeley Objects (ABO)
stool_B075Z9QBLL,stool,B075Z9QBLL,STOOL_SEATING,0.509,0.969,0.44,19912,2.0,CC-BY-4.0,Amazon Berkeley Objects (ABO)
stool_B07DBF1BC9,stool,B07DBF1BC9,STOOL_SEATING,0.504,0.742,0.372,22292,2.0,CC-BY-4.0,Amazon Berkeley Objects (ABO)
stool_B07HSJY1JM,stool,B07HSJY1JM,STOOL_SEATING,0.463,0.946,0.562,17734,2.0,CC-BY-4.0,Amazon Berkeley Objects (ABO)
stool_B075ZCLPHP,stool,B075ZCLPHP,STOOL_SEATING,0.409,0.508,0.409,31890,2.0,CC-BY-4.0,Amazon Berkeley Objects (ABO)
stool_B07B78RCTK,stool,B07B78RCTK,STOOL_SEATING,0.486,0.625,0.405,9848,2.0,CC-BY-4.0,Amazon Berkeley Objects (ABO)
stool_B07HSBJ5CH,stool,B07HSBJ5CH,STOOL_SEATING,0.463,1.065,0.562,17878,2.1,CC-BY-4.0,Amazon Berkeley Objects (ABO)
stool_B07DBGJ4X4,stool,B07DBGJ4X4,STOOL_SEATING,0.504,0.654,0.372,22068,2.1,CC-BY-4.0,Amazon Berkeley Objects (ABO)
stool_B07DBDT6ZS,stool,B07DBDT6ZS,STOOL_SEATING,0.504,0.742,0.372,22068,2.1,CC-BY-4.0,Amazon Berkeley Objects (ABO)
stool_B07DBFXZQT,stool,B07DBFXZQT,STOOL_SEATING,0.462,1.079,0.539,26464,2.2,CC-BY-4.0,Amazon Berkeley Objects (ABO)
stool_B07DBDWX9T,stool,B07DBDWX9T,STOOL_SEATING,0.462,1.079,0.539,26464,2.2,CC-BY-4.0,Amazon Berkeley Objects (ABO)
stool_B07DBF3X2P,stool,B07DBF3X2P,STOOL_SEATING,0.504,0.742,0.372,22068,2.2,CC-BY-4.0,Amazon Berkeley Objects (ABO)
stool_B07B86VTVM,stool,B07B86VTVM,STOOL_SEATING,0.457,0.519,0.458,17152,2.2,CC-BY-4.0,Amazon Berkeley Objects (ABO)
stool_B07DBFSLFV,stool,B07DBFSLFV,STOOL_SEATING,0.504,0.657,0.372,22068,2.2,CC-BY-4.0,Amazon Berkeley Objects (ABO)
stool_B075YQXRBS,stool,B075YQXRBS,STOOL_SEATING,0.489,0.866,0.524,8852,2.2,CC-BY-4.0,Amazon Berkeley Objects (ABO)
stool_B075YQXRD4,stool,B075YQXRD4,STOOL_SEATING,0.489,0.937,0.524,9226,2.2,CC-BY-4.0,Amazon Berkeley Objects (ABO)
stool_B07DBGHZH5,stool,B07DBGHZH5,STOOL_SEATING,0.399,1.096,0.513,17607,2.2,CC-BY-4.0,Amazon Berkeley Objects (ABO)
table_B07H8V49GP,table,B07H8V49GP,TABLE,0.47,0.351,0.408,1316,0.2,CC-BY-4.0,Amazon Berkeley Objects (ABO)
table_B07GFWF2CX,table,B07GFWF2CX,TABLE,0.441,0.46,0.325,164,0.2,CC-BY-4.0,Amazon Berkeley Objects (ABO)
table_B07H8JN9KN,table,B07H8JN9KN,TABLE,0.517,0.357,0.399,444,0.3,CC-BY-4.0,Amazon Berkeley Objects (ABO)
table_B07DBGHSN7,table,B07DBGHSN7,TABLE,0.502,0.438,0.451,7040,0.4,CC-BY-4.0,Amazon Berkeley Objects (ABO)
table_B07QPZK6MJ,table,B07QPZK6MJ,TABLE,0.45,0.59,0.35,5744,0.4,CC-BY-4.0,Amazon Berkeley Objects (ABO)
table_B075X3WD5T,table,B075X3WD5T,TABLE,0.564,0.584,0.441,3272,0.4,CC-BY-4.0,Amazon Berkeley Objects (ABO)
table_B07DBDZC9N,table,B07DBDZC9N,TABLE,0.435,0.681,0.351,6762,0.4,CC-BY-4.0,Amazon Berkeley Objects (ABO)
table_B07B7J5XSQ,table,B07B7J5XSQ,TABLE,0.403,0.548,0.415,8780,0.4,CC-BY-4.0,Amazon Berkeley Objects (ABO)
table_B07DBDPMWN,table,B07DBDPMWN,TABLE,0.435,0.68,0.348,6722,0.4,CC-BY-4.0,Amazon Berkeley Objects (ABO)
table_B079VNL3GM,table,B079VNL3GM,TABLE,0.4,0.47,0.36,11740,0.5,CC-BY-4.0,Amazon Berkeley Objects (ABO)
table_B07GFG117Y,table,B07GFG117Y,TABLE,0.441,0.46,0.325,164,0.6,CC-BY-4.0,Amazon Berkeley Objects (ABO)
table_B07DBHF15B,table,B07DBHF15B,TABLE,0.513,0.653,0.513,11416,0.6,CC-BY-4.0,Amazon Berkeley Objects (ABO)
table_B072ZRPFNM,table,B072ZRPFNM,TABLE,1.57,0.834,0.425,2484,0.6,CC-BY-4.0,Amazon Berkeley Objects (ABO)
table_B07H8SSJTX,table,B07H8SSJTX,TABLE,1.35,0.47,0.7,972,0.6,CC-BY-4.0,Amazon Berkeley Objects (ABO)
table_B07DBFG16Z,table,B07DBFG16Z,TABLE,0.91,0.457,0.91,18112,0.6,CC-BY-4.0,Amazon Berkeley Objects (ABO)
table_B075Z8FV7N,table,B075Z8FV7N,TABLE,0.557,0.437,0.557,4224,0.6,CC-BY-4.0,Amazon Berkeley Objects (ABO)
table_B07DBFT2YG,table,B07DBFT2YG,TABLE,1.109,0.506,0.551,14292,0.6,CC-BY-4.0,Amazon Berkeley Objects (ABO)
table_B07DBDPMRS,table,B07DBDPMRS,TABLE,1.197,0.808,0.384,19002,0.7,CC-BY-4.0,Amazon Berkeley Objects (ABO)
table_B07HSMYNYF,table,B07HSMYNYF,TABLE,1.619,0.531,0.918,3232,0.7,CC-BY-4.0,Amazon Berkeley Objects (ABO)
table_B07DBG4PPP,table,B07DBG4PPP,TABLE,1.191,0.819,0.386,19480,0.7,CC-BY-4.0,Amazon Berkeley Objects (ABO)
table_B07DBGJ5PM,table,B07DBGJ5PM,TABLE,1.191,0.814,0.386,19480,0.7,CC-BY-4.0,Amazon Berkeley Objects (ABO)
table_B07DBB7831,table,B07DBB7831,TABLE,0.505,0.555,0.459,14932,0.7,CC-BY-4.0,Amazon Berkeley Objects (ABO)
table_B07B7BX336,table,B07B7BX336,TABLE,1.183,0.458,0.458,4740,0.7,CC-BY-4.0,Amazon Berkeley Objects (ABO)
table_B07DBDX5WF,table,B07DBDX5WF,TABLE,0.479,0.623,0.402,20542,0.7,CC-BY-4.0,Amazon Berkeley Objects (ABO)
table_B07DBF1R71,table,B07DBF1R71,TABLE,0.479,0.623,0.402,20542,0.7,CC-BY-4.0,Amazon Berkeley Objects (ABO)
table_B074KKMQHB,table,B074KKMQHB,TABLE,0.514,0.426,0.513,15944,0.7,CC-BY-4.0,Amazon Berkeley Objects (ABO)
table_B072ZKTSNX,table,B072ZKTSNX,TABLE,1.57,0.462,0.425,2484,0.8,CC-BY-4.0,Amazon Berkeley Objects (ABO)
table_B07DBDWZ61,table,B07DBDWZ61,TABLE,1.107,0.51,0.55,14180,0.8,CC-BY-4.0,Amazon Berkeley Objects (ABO)
table_B07DBDZMSS,table,B07DBDZMSS,TABLE,0.488,0.565,0.442,14820,0.8,CC-BY-4.0,Amazon Berkeley Objects (ABO)
table_B07H93GTHW,table,B07H93GTHW,TABLE,1.579,0.736,0.881,1120,0.8,CC-BY-4.0,Amazon Berkeley Objects (ABO)
table_B07DBFQV23,table,B07DBFQV23,TABLE,1.197,0.405,0.577,7712,0.8,CC-BY-4.0,Amazon Berkeley Objects (ABO)
table_B07JGZP163,table,B07JGZP163,TABLE,1.65,0.42,0.39,9004,0.8,CC-BY-4.0,Amazon Berkeley Objects (ABO)
table_B07DVVKD85,table,B07DVVKD85,TABLE,0.45,0.68,0.35,7290,0.9,CC-BY-4.0,Amazon Berkeley Objects (ABO)
table_B072ZMHBKQ,table,B072ZMHBKQ,TABLE,0.37,0.508,0.288,9800,0.9,CC-BY-4.0,Amazon Berkeley Objects (ABO)
table_B072ZLCB3M,table,B072ZLCB3M,TABLE,0.477,0.476,0.494,912,0.9,CC-BY-4.0,Amazon Berkeley Objects (ABO)
table_B07H8T878F,table,B07H8T878F,TABLE,1.584,0.692,0.047,10880,0.9,CC-BY-4.0,Amazon Berkeley Objects (ABO)
table_B07B7H9VMM,table,B07B7H9VMM,TABLE,0.425,0.604,0.441,20,0.9,CC-BY-4.0,Amazon Berkeley Objects (ABO)
table_B07F3XLTRH,table,B07F3XLTRH,TABLE,0.508,0.457,0.457,16128,0.9,CC-BY-4.0,Amazon Berkeley Objects (ABO)
table_B07B7HVCMB,table,B07B7HVCMB,TABLE,0.455,0.554,0.455,8752,0.9,CC-BY-4.0,Amazon Berkeley Objects (ABO)
table_B07F49VHB8,table,B07F49VHB8,TABLE,1.333,0.457,0.571,18296,1.0,CC-BY-4.0,Amazon Berkeley Objects (ABO)
table_B01M4OYBOI,table,B01M4OYBOI,TABLE,1.083,0.39,0.542,10190,1.0,CC-BY-4.0,Amazon Berkeley Objects (ABO)
table_B07F3Y9BSC,table,B07F3Y9BSC,TABLE,1.219,0.78,0.394,19084,1.0,CC-BY-4.0,Amazon Berkeley Objects (ABO)
table_B07F3XM8M3,table,B07F3XM8M3,TABLE,0.914,0.457,0.914,18704,1.0,CC-BY-4.0,Amazon Berkeley Objects (ABO)
table_B074KMZGRP,table,B074KMZGRP,TABLE,0.418,0.664,0.414,6784,1.0,CC-BY-4.0,Amazon Berkeley Objects (ABO)
table_B07DBHFDQW,table,B07DBHFDQW,TABLE,1.219,0.78,0.394,19084,1.1,CC-BY-4.0,Amazon Berkeley Objects (ABO)
table_B07H8SSY2P,table,B07H8SSY2P,TABLE,1.778,0.899,0.795,1392,1.1,CC-BY-4.0,Amazon Berkeley Objects (ABO)
table_B07W421VGL,table,B07W421VGL,TABLE,0.431,0.55,0.431,49890,1.1,CC-BY-4.0,Amazon Berkeley Objects (ABO)
table_B072ZLMBH7,table,B072ZLMBH7,TABLE,0.407,0.447,0.407,6928,1.1,CC-BY-4.0,Amazon Berkeley Objects (ABO)
table_B07DW4VYQW,table,B07DW4VYQW,TABLE,0.513,0.653,0.513,11416,1.2,CC-BY-4.0,Amazon Berkeley Objects (ABO)
table_B07B7BJK89,table,B07B7BJK89,TABLE,1.609,0.78,0.946,13804,1.2,CC-BY-4.0,Amazon Berkeley Objects (ABO)
bookshelf_B07HSGPG2D,bookshelf,B07HSGPG2D,SHELF,0.888,0.888,0.202,13406,0.9,CC-BY-4.0,Amazon Berkeley Objects (ABO)
bookshelf_B07PPNNCM2,bookshelf,B07PPNNCM2,SHELF,0.636,1.779,0.341,15748,1.1,CC-BY-4.0,Amazon Berkeley Objects (ABO)
bookshelf_B07HSJYKXY,bookshelf,B07HSJYKXY,SHELF,0.601,0.725,0.125,5106,1.2,CC-BY-4.0,Amazon Berkeley Objects (ABO)
bookshelf_B07HSJN2FX,bookshelf,B07HSJN2FX,SHELF,1.781,0.972,0.275,11038,1.3,CC-BY-4.0,Amazon Berkeley Objects (ABO)
bookshelf_B07B7J5BC2,bookshelf,B07B7J5BC2,SHELF,1.575,0.719,0.479,12116,1.5,CC-BY-4.0,Amazon Berkeley Objects (ABO)
bookshelf_B00NUS53CY,bookshelf,B00NUS53CY,SHELF,0.907,1.36,0.352,28976,1.5,CC-BY-4.0,Amazon Berkeley Objects (ABO)
bookshelf_B07B8P1JCT,bookshelf,B07B8P1JCT,SHELF,0.605,0.053,0.102,6816,1.5,CC-BY-4.0,Amazon Berkeley Objects (ABO)
bookshelf_B07B8PXMQT,bookshelf,B07B8PXMQT,SHELF,0.924,0.049,0.092,19840,1.5,CC-BY-4.0,Amazon Berkeley Objects (ABO)
bookshelf_B01LYBQXRH,bookshelf,B01LYBQXRH,SHELF,0.907,1.361,0.352,29296,1.6,CC-BY-4.0,Amazon Berkeley Objects (ABO)
bookshelf_B07H8SQ2NZ,bookshelf,B07H8SQ2NZ,SHELF,0.995,1.405,0.434,1668,1.6,CC-BY-4.0,Amazon Berkeley Objects (ABO)
bookshelf_B07B8PXQ1Q,bookshelf,B07B8PXQ1Q,SHELF,0.456,0.053,0.102,6816,1.6,CC-BY-4.0,Amazon Berkeley Objects (ABO)
bookshelf_B07HSLQY2F,bookshelf,B07HSLQY2F,SHELF,0.564,0.913,0.294,6212,1.7,CC-BY-4.0,Amazon Berkeley Objects (ABO)
bookshelf_B07HSLTFWR,bookshelf,B07HSLTFWR,SHELF,0.645,0.229,0.15,5492,1.8,CC-BY-4.0,Amazon Berkeley Objects (ABO)
bookshelf_B07HSMYNYJ,bookshelf,B07HSMYNYJ,SHELF,0.67,1.545,0.323,31330,1.8,CC-BY-4.0,Amazon Berkeley Objects (ABO)
bookshelf_B075ZF4S39,bookshelf,B075ZF4S39,SHELF,1.022,1.878,0.381,10480,2.0,CC-BY-4.0,Amazon Berkeley Objects (ABO)
bookshelf_B07B8VJQG1,bookshelf,B07B8VJQG1,SHELF,0.607,0.088,0.152,3072,2.0,CC-BY-4.0,Amazon Berkeley Objects (ABO)
bookshelf_B07B8PXSD2,bookshelf,B07B8PXSD2,SHELF,0.457,0.088,0.152,768,2.0,CC-BY-4.0,Amazon Berkeley Objects (ABO)
bookshelf_B07HSGBB2D,bookshelf,B07HSGBB2D,SHELF,0.491,1.342,0.267,2274,2.1,CC-BY-4.0,Amazon Berkeley Objects (ABO)
bookshelf_B07HSJX4S6,bookshelf,B07HSJX4S6,SHELF,0.822,0.45,0.15,7724,2.1,CC-BY-4.0,Amazon Berkeley Objects (ABO)
bookshelf_B07HSLTLGP,bookshelf,B07HSLTLGP,SHELF,1.371,1.826,0.379,6484,2.2,CC-BY-4.0,Amazon Berkeley Objects (ABO)
bookshelf_B07HSKW3D6,bookshelf,B07HSKW3D6,SHELF,1.3,0.495,0.4,6556,2.3,CC-BY-4.0,Amazon Berkeley Objects (ABO)
bookshelf_B075ZBW1RR,bookshelf,B075ZBW1RR,SHELF,0.822,0.947,0.352,14544,2.4,CC-BY-4.0,Amazon Berkeley Objects (ABO)
bookshelf_B07HSKY884,bookshelf,B07HSKY884,SHELF,1.403,1.063,0.344,25008,2.4,CC-BY-4.0,Amazon Berkeley Objects (ABO)
bookshelf_B075Z6YS1Z,bookshelf,B075Z6YS1Z,SHELF,0.874,1.86,0.359,6084,2.5,CC-BY-4.0,Amazon Berkeley Objects (ABO)
bookshelf_B07HSGFLJ9,bookshelf,B07HSGFLJ9,SHELF,1.212,0.865,0.685,3524,2.6,CC-BY-4.0,Amazon Berkeley Objects (ABO)
bookshelf_B07HSCJZQM,bookshelf,B07HSCJZQM,SHELF,0.652,2.005,0.454,17976,2.8,CC-BY-4.0,Amazon Berkeley Objects (ABO)
bookshelf_B07HSPHZXD,bookshelf,B07HSPHZXD,SHELF,0.708,0.701,0.15,13964,2.9,CC-BY-4.0,Amazon Berkeley Objects (ABO)
bookshelf_B075Z7SQND,bookshelf,B075Z7SQND,SHELF,1.746,1.808,0.508,2988,2.9,CC-BY-4.0,Amazon Berkeley Objects (ABO)
bookshelf_B07B7J8GGS,bookshelf,B07B7J8GGS,SHELF,1.201,0.765,0.361,5570,3.0,CC-BY-4.0,Amazon Berkeley Objects (ABO)
bookshelf_B074KKXLK1,bookshelf,B074KKXLK1,SHELF,0.539,1.732,0.395,15584,3.0,CC-BY-4.0,Amazon Berkeley Objects (ABO)
bookshelf_B07B8K18WV,bookshelf,B07B8K18WV,SHELF,0.729,0.439,0.112,15698,3.0,CC-BY-4.0,Amazon Berkeley Objects (ABO)
bookshelf_B07HSCNKCT,bookshelf,B07HSCNKCT,SHELF,0.748,1.471,0.308,2998,3.2,CC-BY-4.0,Amazon Berkeley Objects (ABO)
bookshelf_B07HSM36J9,bookshelf,B07HSM36J9,SHELF,0.636,0.19,0.166,5743,3.2,CC-BY-4.0,Amazon Berkeley Objects (ABO)
bookshelf_B07HSGCNVB,bookshelf,B07HSGCNVB,SHELF,0.847,2.015,0.431,13744,3.3,CC-BY-4.0,Amazon Berkeley Objects (ABO)
bookshelf_B07PNHSR4G,bookshelf,B07PNHSR4G,SHELF,0.66,1.892,0.381,31196,3.5,CC-BY-4.0,Amazon Berkeley Objects (ABO)
bookshelf_B07QY2ZN7X,bookshelf,B07QY2ZN7X,SHELF,0.895,0.732,0.396,14698,3.5,CC-BY-4.0,Amazon Berkeley Objects (ABO)
bookshelf_B07B7GZTNR,bookshelf,B07B7GZTNR,SHELF,0.584,1.727,0.472,6903,3.5,CC-BY-4.0,Amazon Berkeley Objects (ABO)
bookshelf_B075ZBW22K,bookshelf,B075ZBW22K,SHELF,0.5,1.9,0.428,9502,4.0,CC-BY-4.0,Amazon Berkeley Objects (ABO)
bookshelf_B07B7J2VCD,bookshelf,B07B7J2VCD,SHELF,0.864,1.93,0.453,38530,4.2,CC-BY-4.0,Amazon Berkeley Objects (ABO)
bookshelf_B07B7GYMQ9,bookshelf,B07B7GYMQ9,SHELF,1.878,0.715,0.471,81802,4.9,CC-BY-4.0,Amazon Berkeley Objects (ABO)
bookshelf_B071DZHLXH,bookshelf,B071DZHLXH,SHELF,0.762,1.645,0.356,38770,7.2,CC-BY-4.0,Amazon Berkeley Objects (ABO)
bookshelf_B0754KHKCX,bookshelf,B0754KHKCX,SHELF,0.79,0.786,0.39,504,9.8,CC-BY-4.0,Amazon Berkeley Objects (ABO)
bookshelf_B00NUS5GXA,bookshelf,B00NUS5GXA,SHELF,0.762,1.587,0.356,23364,10.4,CC-BY-4.0,Amazon Berkeley Objects (ABO)
bookshelf_B072JT7WDX,bookshelf,B072JT7WDX,SHELF,1.524,1.981,0.61,63982,10.8,CC-BY-4.0,Amazon Berkeley Objects (ABO)
bookshelf_B07PQS58XN,bookshelf,B07PQS58XN,SHELF,0.66,1.892,0.381,54996,11.1,CC-BY-4.0,Amazon Berkeley Objects (ABO)
bookshelf_B07QW1L8H6,bookshelf,B07QW1L8H6,SHELF,0.89,1.65,0.25,10956,11.4,CC-BY-4.0,Amazon Berkeley Objects (ABO)
bookshelf_B07RQZKXT4,bookshelf,B07RQZKXT4,SHELF,0.6,0.6,0.16,10456,11.5,CC-BY-4.0,Amazon Berkeley Objects (ABO)
bookshelf_B07QZ77FGN,bookshelf,B07QZ77FGN,SHELF,1.6,1.81,0.5,77244,12.3,CC-BY-4.0,Amazon Berkeley Objects (ABO)
bookshelf_B0735CJJDM,bookshelf,B0735CJJDM,SHELF,0.711,0.711,0.356,13392,12.5,CC-BY-4.0,Amazon Berkeley Objects (ABO)
bookshelf_B0735CKD6R,bookshelf,B0735CKD6R,SHELF,0.711,0.711,0.356,13392,12.6,CC-BY-4.0,Amazon Berkeley Objects (ABO)
lamp_B07B4Z9PL9,lamp,B07B4Z9PL9,LAMP,0.219,1.23,0.418,9862,0.6,CC-BY-4.0,Amazon Berkeley Objects (ABO)
lamp_B07374M818,lamp,B07374M818,LAMP,0.208,0.406,0.208,11122,0.6,CC-BY-4.0,Amazon Berkeley Objects (ABO)
lamp_B07HK3F2NH,lamp,B07HK3F2NH,LIGHT_FIXTURE,0.312,1.366,0.315,14416,0.6,CC-BY-4.0,Amazon Berkeley Objects (ABO)
lamp_B07B4YVX5Q,lamp,B07B4YVX5Q,LIGHT_FIXTURE,0.587,0.242,0.239,11966,0.7,CC-BY-4.0,Amazon Berkeley Objects (ABO)
lamp_B07B4YYC4V,lamp,B07B4YYC4V,LAMP,0.162,0.385,0.218,11544,0.7,CC-BY-4.0,Amazon Berkeley Objects (ABO)
lamp_B075X2XZDY,lamp,B075X2XZDY,LAMP,0.295,0.639,0.295,28760,0.7,CC-BY-4.0,Amazon Berkeley Objects (ABO)
lamp_B07DBHM1RK,lamp,B07DBHM1RK,LAMP,0.328,0.612,0.328,15144,0.7,CC-BY-4.0,Amazon Berkeley Objects (ABO)
lamp_B07GNNPB3M,lamp,B07GNNPB3M,LAMP,0.247,0.387,0.247,8458,0.8,CC-BY-4.0,Amazon Berkeley Objects (ABO)
lamp_B07DBCG1QY,lamp,B07DBCG1QY,LAMP,0.256,1.571,0.813,21376,0.8,CC-BY-4.0,Amazon Berkeley Objects (ABO)
lamp_B07GNNPB38,lamp,B07GNNPB38,LAMP,0.247,0.387,0.247,8458,0.8,CC-BY-4.0,Amazon Berkeley Objects (ABO)
lamp_B07DBJYDLK,lamp,B07DBJYDLK,LIGHT_FIXTURE,0.382,0.304,0.395,18310,0.8,CC-BY-4.0,Amazon Berkeley Objects (ABO)
lamp_B07376VCCS,lamp,B07376VCCS,LIGHT_FIXTURE,0.863,0.869,0.299,16416,0.8,CC-BY-4.0,Amazon Berkeley Objects (ABO)
lamp_B07DTFBDTL,lamp,B07DTFBDTL,LAMP,0.207,0.559,0.324,8272,0.8,CC-BY-4.0,Amazon Berkeley Objects (ABO)
lamp_B07B4VSTG2,lamp,B07B4VSTG2,LIGHT_FIXTURE,0.279,0.269,0.279,15626,0.8,CC-BY-4.0,Amazon Berkeley Objects (ABO)
lamp_B07DBHC39X,lamp,B07DBHC39X,LIGHT_FIXTURE,0.393,0.229,0.393,8640,0.8,CC-BY-4.0,Amazon Berkeley Objects (ABO)
lamp_B07DBCN3KB,lamp,B07DBCN3KB,LAMP,0.405,1.797,0.405,17500,0.8,CC-BY-4.0,Amazon Berkeley Objects (ABO)
lamp_B07DTLF7DN,lamp,B07DTLF7DN,LAMP,0.249,1.505,0.476,9184,0.8,CC-BY-4.0,Amazon Berkeley Objects (ABO)
lamp_B07DBDV3FH,lamp,B07DBDV3FH,LAMP,0.355,1.473,0.355,17102,0.8,CC-BY-4.0,Amazon Berkeley Objects (ABO)
lamp_B0742DNBGB,lamp,B0742DNBGB,LAMP,0.144,0.603,0.471,9166,0.9,CC-BY-4.0,Amazon Berkeley Objects (ABO)
lamp_B07B4YY8H3,lamp,B07B4YY8H3,LAMP,0.11,0.464,0.352,11818,0.9,CC-BY-4.0,Amazon Berkeley Objects (ABO)
lamp_B07DBHCKKD,lamp,B07DBHCKKD,LAMP,0.431,1.488,0.431,14508,0.9,CC-BY-4.0,Amazon Berkeley Objects (ABO)
lamp_B07DBCMTCS,lamp,B07DBCMTCS,LAMP,0.331,0.698,0.331,15414,0.9,CC-BY-4.0,Amazon Berkeley Objects (ABO)
lamp_B07DTLKL7L,lamp,B07DTLKL7L,LAMP,0.32,0.591,0.32,7331,0.9,CC-BY-4.0,Amazon Berkeley Objects (ABO)
lamp_B071HSMXBT,lamp,B071HSMXBT,LIGHT_FIXTURE,0.217,1.367,0.211,16474,0.9,CC-BY-4.0,Amazon Berkeley Objects (ABO)
lamp_B07DBHB6D4,lamp,B07DBHB6D4,LAMP,0.159,0.708,0.546,28313,1.0,CC-BY-4.0,Amazon Berkeley Objects (ABO)
lamp_B073P3WGZZ,lamp,B073P3WGZZ,LAMP,0.181,0.639,0.181,14072,1.0,CC-BY-4.0,Amazon Berkeley Objects (ABO)
lamp_B07DBHCKML,lamp,B07DBHCKML,LAMP,0.575,1.785,0.405,25118,1.0,CC-BY-4.0,Amazon Berkeley Objects (ABO)
lamp_B07B4Z9C39,lamp,B07B4Z9C39,LIGHT_FIXTURE,0.638,0.292,0.177,30850,1.0,CC-BY-4.0,Amazon Berkeley Objects (ABO)
lamp_B0719H3LG2,lamp,B0719H3LG2,LIGHT_FIXTURE,0.173,0.741,0.173,30494,1.0,CC-BY-4.0,Amazon Berkeley Objects (ABO)
lamp_B073P3NL8C,lamp,B073P3NL8C,LAMP,0.232,1.813,0.229,16832,1.1,CC-BY-4.0,Amazon Berkeley Objects (ABO)
lamp_B0825F3GC7,lamp,B0825F3GC7,LAMP,0.197,0.559,0.316,19146,1.1,CC-BY-4.0,Amazon Berkeley Objects (ABO)
lamp_B073P2ZGMJ,lamp,B073P2ZGMJ,LAMP,0.175,0.469,0.298,22650,1.1,CC-BY-4.0,Amazon Berkeley Objects (ABO)
lamp_B0742DNY41,lamp,B0742DNY41,LAMP,0.194,1.594,0.653,9476,1.1,CC-BY-4.0,Amazon Berkeley Objects (ABO)
lamp_B075X2XZDD,lamp,B075X2XZDD,LAMP,0.222,1.25,0.421,9530,1.1,CC-BY-4.0,Amazon Berkeley Objects (ABO)
lamp_B07B4ZBB7R,lamp,B07B4ZBB7R,LAMP,0.219,1.23,0.418,9862,1.1,CC-BY-4.0,Amazon Berkeley Objects (ABO)
lamp_B07B4ZP62F,lamp,B07B4ZP62F,LIGHT_FIXTURE,0.067,0.249,0.067,17578,1.1,CC-BY-4.0,Amazon Berkeley Objects (ABO)
lamp_B07B4YHYR2,lamp,B07B4YHYR2,LAMP,0.434,1.778,0.253,27144,1.1,CC-BY-4.0,Amazon Berkeley Objects (ABO)
lamp_B0742D9X4G,lamp,B0742D9X4G,HOME_LIGHTING_AND_LAMPS,0.153,0.456,0.286,23458,1.1,CC-BY-4.0,Amazon Berkeley Objects (ABO)
lamp_B071F6WK9K,lamp,B071F6WK9K,LIGHT_FIXTURE,0.265,1.055,0.265,16246,1.1,CC-BY-4.0,Amazon Berkeley Objects (ABO)
lamp_B07B4Z9BS4,lamp,B07B4Z9BS4,LIGHT_FIXTURE,0.279,0.269,0.279,16178,1.1,CC-BY-4.0,Amazon Berkeley Objects (ABO)
lamp_B073P3HHFS,lamp,B073P3HHFS,LAMP,0.286,0.456,0.153,23418,1.1,CC-BY-4.0,Amazon Berkeley Objects (ABO)
lamp_B073P46SHG,lamp,B073P46SHG,LAMP,0.211,0.536,0.273,11774,1.2,CC-BY-4.0,Amazon Berkeley Objects (ABO)
lamp_B075X3S2X5,lamp,B075X3S2X5,LAMP,0.223,1.43,0.508,26357,1.2,CC-BY-4.0,Amazon Berkeley Objects (ABO)
lamp_B07HK6B4D7,lamp,B07HK6B4D7,LIGHT_FIXTURE,0.189,0.665,0.422,19268,1.2,CC-BY-4.0,Amazon Berkeley Objects (ABO)
lamp_B07374SBFL,lamp,B07374SBFL,LAMP,0.25,1.526,0.431,40130,1.2,CC-BY-4.0,Amazon Berkeley Objects (ABO)
lamp_B073P484RR,lamp,B073P484RR,LAMP,0.667,1.624,0.522,23852,1.2,CC-BY-4.0,Amazon Berkeley Objects (ABO)
lamp_B07B4SC2JX,lamp,B07B4SC2JX,LIGHT_FIXTURE,0.279,0.613,0.281,15200,1.2,CC-BY-4.0,Amazon Berkeley Objects (ABO)
lamp_B0742F7GT8,lamp,B0742F7GT8,LAMP,0.483,1.553,0.483,17412,1.2,CC-BY-4.0,Amazon Berkeley Objects (ABO)
lamp_B07HKGY4YZ,lamp,B07HKGY4YZ,LAMP,0.299,0.454,0.341,7956,1.2,CC-BY-4.0,Amazon Berkeley Objects (ABO)
lamp_B075X2Y3Q9,lamp,B075X2Y3Q9,LAMP,0.285,0.483,0.285,10916,1.2,CC-BY-4.0,Amazon Berkeley Objects (ABO)
cabinet_B07GFL6W68,cabinet,B07GFL6W68,DRESSER,1.535,0.79,0.333,432,0.2,CC-BY-4.0,Amazon Berkeley Objects (ABO)
cabinet_B07C41C1C8,cabinet,B07C41C1C8,CABINET,1.25,2.16,0.48,1368,0.3,CC-BY-4.0,Amazon Berkeley Objects (ABO)
cabinet_B07GFSJ69T,cabinet,B07GFSJ69T,CABINET,1.78,1.96,0.629,7880,0.4,CC-BY-4.0,Amazon Berkeley Objects (ABO)
cabinet_B07GFFPKFV,cabinet,B07GFFPKFV,CABINET,0.991,1.808,0.577,12492,0.5,CC-BY-4.0,Amazon Berkeley Objects (ABO)
cabinet_B07GFL6W6N,cabinet,B07GFL6W6N,DRESSER,1.535,0.79,0.333,432,0.5,CC-BY-4.0,Amazon Berkeley Objects (ABO)
cabinet_B07JGXXK33,cabinet,B07JGXXK33,CABINET,1.0,0.8,0.4,1594,0.6,CC-BY-4.0,Amazon Berkeley Objects (ABO)
cabinet_B07H8SSJVW,cabinet,B07H8SSJVW,DRESSER,1.1,1.0,0.46,1896,0.6,CC-BY-4.0,Amazon Berkeley Objects (ABO)
cabinet_B07JGPKY8D,cabinet,B07JGPKY8D,DRESSER,0.65,1.19,0.4,2574,0.7,CC-BY-4.0,Amazon Berkeley Objects (ABO)
cabinet_B07JGY5LML,cabinet,B07JGY5LML,CABINET,1.65,0.8,0.4,16346,0.7,CC-BY-4.0,Amazon Berkeley Objects (ABO)
cabinet_B07GG2X2MX,cabinet,B07GG2X2MX,CABINET,0.52,1.63,0.255,3932,0.7,CC-BY-4.0,Amazon Berkeley Objects (ABO)
cabinet_B075X2PC3L,cabinet,B075X2PC3L,DRESSER,1.558,0.872,0.463,7690,0.7,CC-BY-4.0,Amazon Berkeley Objects (ABO)
cabinet_B07H8JRYSB,cabinet,B07H8JRYSB,DRESSER,0.83,0.74,0.42,1836,0.7,CC-BY-4.0,Amazon Berkeley Objects (ABO)
cabinet_B07H8T8ZS7,cabinet,B07H8T8ZS7,CABINET,1.11,1.85,0.4,29644,0.8,CC-BY-4.0,Amazon Berkeley Objects (ABO)
cabinet_B07GFS1WDY,cabinet,B07GFS1WDY,CABINET,0.991,1.808,0.577,12492,0.8,CC-BY-4.0,Amazon Berkeley Objects (ABO)
cabinet_B07JGPK68C,cabinet,B07JGPK68C,CABINET,1.0,1.19,0.4,8704,0.8,CC-BY-4.0,Amazon Berkeley Objects (ABO)
cabinet_B07H8JRPLT,cabinet,B07H8JRPLT,CABINET,1.168,1.397,0.473,952,0.8,CC-BY-4.0,Amazon Berkeley Objects (ABO)
cabinet_B07H8PWFDF,cabinet,B07H8PWFDF,CABINET,0.496,2.117,0.588,12156,0.8,CC-BY-4.0,Amazon Berkeley Objects (ABO)
cabinet_B077NZFT6C,cabinet,B077NZFT6C,DRESSER,1.022,0.891,0.46,6532,0.9,CC-BY-4.0,Amazon Berkeley Objects (ABO)
cabinet_B07H8SM6Q4,cabinet,B07H8SM6Q4,CABINET,2.7,2.37,0.59,1728,0.9,CC-BY-4.0,Amazon Berkeley Objects (ABO)
cabinet_B07B7JY9C5,cabinet,B07B7JY9C5,CABINET,0.402,0.455,0.5,11874,1.0,CC-BY-4.0,Amazon Berkeley Objects (ABO)
cabinet_B07G4ZXLC8,cabinet,B07G4ZXLC8,CABINET,0.801,0.78,0.396,9680,1.7,CC-BY-4.0,Amazon Berkeley Objects (ABO)
cabinet_B07GFLD22Q,cabinet,B07GFLD22Q,CABINET,0.75,1.28,0.25,2562,1.8,CC-BY-4.0,Amazon Berkeley Objects (ABO)
cabinet_B07S74J1JT,cabinet,B07S74J1JT,CABINET,0.8,0.46,0.8,5514,1.8,CC-BY-4.0,Amazon Berkeley Objects (ABO)
cabinet_B07GFRP9RY,cabinet,B07GFRP9RY,DRESSER,0.809,0.762,0.529,124,1.9,CC-BY-4.0,Amazon Berkeley Objects (ABO)
cabinet_B07GFS1WH7,cabinet,B07GFS1WH7,CABINET,0.75,1.28,0.25,2562,2.0,CC-BY-4.0,Amazon Berkeley Objects (ABO)
cabinet_B07S74K5Y9,cabinet,B07S74K5Y9,CABINET,0.98,1.92,0.58,27294,2.2,CC-BY-4.0,Amazon Berkeley Objects (ABO)
cabinet_B07GFFKRXS,cabinet,B07GFFKRXS,DRESSER,0.994,0.816,0.404,1788,2.2,CC-BY-4.0,Amazon Berkeley Objects (ABO)
cabinet_B07B78G1D1,cabinet,B07B78G1D1,CABINET,1.21,1.659,0.61,20778,2.2,CC-BY-4.0,Amazon Berkeley Objects (ABO)
cabinet_B07H8JN9QF,cabinet,B07H8JN9QF,CABINET,1.998,2.159,0.598,1460,2.3,CC-BY-4.0,Amazon Berkeley Objects (ABO)
cabinet_B07HSH4ZR2,cabinet,B07HSH4ZR2,DRESSER,0.503,0.568,0.414,8150,2.3,CC-BY-4.0,Amazon Berkeley Objects (ABO)
cabinet_B07GFDPB2V,cabinet,B07GFDPB2V,DRESSER,0.994,0.816,0.404,1788,2.3,CC-BY-4.0,Amazon Berkeley Objects (ABO)
cabinet_B07HSBD8DM,cabinet,B07HSBD8DM,CABINET,1.708,0.82,0.522,7292,2.4,CC-BY-4.0,Amazon Berkeley Objects (ABO)
cabinet_B07H8SKPWP,cabinet,B07H8SKPWP,DRESSER,0.43,0.36,0.4,5028,2.4,CC-BY-4.0,Amazon Berkeley Objects (ABO)
cabinet_B07121RM99,cabinet,B07121RM99,DRESSER,1.072,1.514,0.506,13927,2.6,CC-BY-4.0,Amazon Berkeley Objects (ABO)
cabinet_B07RMYJWLS,cabinet,B07RMYJWLS,CABINET,0.3,1.4,0.269,5724,2.7,CC-BY-4.0,Amazon Berkeley Objects (ABO)
cabinet_B07B4Y45GY,cabinet,B07B4Y45GY,DRESSER,1.551,0.856,0.463,26621,2.7,CC-BY-4.0,Amazon Berkeley Objects (ABO)
cabinet_B07GFWW3S8,cabinet,B07GFWW3S8,CABINET,1.78,1.96,0.629,7880,2.7,CC-BY-4.0,Amazon Berkeley Objects (ABO)
cabinet_B07B8NBQQP,cabinet,B07B8NBQQP,CABINET,0.541,0.603,0.21,10164,2.8,CC-BY-4.0,Amazon Berkeley Objects (ABO)
cabinet_B07H8PS4FZ,cabinet,B07H8PS4FZ,CABINET,2.16,2.26,0.59,12660,2.8,CC-BY-4.0,Amazon Berkeley Objects (ABO)
cabinet_B071FJR479,cabinet,B071FJR479,DRESSER,1.523,0.889,0.512,5920,2.9,CC-BY-4.0,Amazon Berkeley Objects (ABO)
cabinet_B07HSL4TS1,cabinet,B07HSL4TS1,DRESSER,0.905,0.721,0.457,17300,2.9,CC-BY-4.0,Amazon Berkeley Objects (ABO)
cabinet_B01LYEG73K,cabinet,B01LYEG73K,DRESSER,4.679,1.863,2.251,33286,2.9,CC-BY-4.0,Amazon Berkeley Objects (ABO)
cabinet_B07B4VXZZC,cabinet,B07B4VXZZC,DRESSER,1.049,0.986,0.463,31966,2.9,CC-BY-4.0,Amazon Berkeley Objects (ABO)
cabinet_B072MF4SHR,cabinet,B072MF4SHR,STORAGE_RACK,1.524,1.981,0.61,63982,2.9,CC-BY-4.0,Amazon Berkeley Objects (ABO)
cabinet_B071SHBTM5,cabinet,B071SHBTM5,DRESSER,0.964,1.32,0.516,6272,3.0,CC-BY-4.0,Amazon Berkeley Objects (ABO)
cabinet_B075YZYJQN,cabinet,B075YZYJQN,DRESSER,0.761,1.24,0.479,16872,3.0,CC-BY-4.0,Amazon Berkeley Objects (ABO)
cabinet_B07GFDZWMS,cabinet,B07GFDZWMS,CABINET,0.75,1.28,0.25,2562,3.1,CC-BY-4.0,Amazon Berkeley Objects (ABO)
cabinet_B07GFS1VB6,cabinet,B07GFS1VB6,CABINET,1.78,1.96,0.629,7880,3.2,CC-BY-4.0,Amazon Berkeley Objects (ABO)
cabinet_B074KN35K2,cabinet,B074KN35K2,CABINET,0.607,0.695,0.41,33526,3.2,CC-BY-4.0,Amazon Berkeley Objects (ABO)
cabinet_B07B8FHTJ4,cabinet,B07B8FHTJ4,CABINET,0.489,0.59,0.184,4824,3.2,CC-BY-4.0,Amazon Berkeley Objects (ABO)
desk_B07GFWW5JZ,desk,B07GFWW5JZ,DESK,1.6,0.75,0.802,792,0.2,CC-BY-4.0,Amazon Berkeley Objects (ABO)
desk_B07GFFQZRQ,desk,B07GFFQZRQ,DESK,0.9,0.729,0.498,768,0.2,CC-BY-4.0,Amazon Berkeley Objects (ABO)
desk_B07GFQ4D3J,desk,B07GFQ4D3J,DESK,0.898,0.73,0.482,1740,0.3,CC-BY-4.0,Amazon Berkeley Objects (ABO)
desk_B06XZV3F8F,desk,B06XZV3F8F,DESK,1.015,0.747,0.505,7184,0.5,CC-BY-4.0,Amazon Berkeley Objects (ABO)
desk_B07HSCYS4C,desk,B07HSCYS4C,DESK,1.313,0.762,0.589,4234,0.7,CC-BY-4.0,Amazon Berkeley Objects (ABO)
desk_B07TN2RZPW,desk,B07TN2RZPW,DESK,1.524,0.753,1.2,3664,0.7,CC-BY-4.0,Amazon Berkeley Objects (ABO)
desk_B079HYXWPC,desk,B079HYXWPC,DESK,0.979,0.723,0.491,7452,0.7,CC-BY-4.0,Amazon Berkeley Objects (ABO)
desk_B075X25BYC,desk,B075X25BYC,DESK,1.178,0.614,1.186,15688,0.8,CC-BY-4.0,Amazon Berkeley Objects (ABO)
desk_B07JGMW8DL,desk,B07JGMW8DL,DESK,1.58,0.76,0.67,13536,0.9,CC-BY-4.0,Amazon Berkeley Objects (ABO)
desk_B07QWZDK9S,desk,B07QWZDK9S,DESK,0.94,0.818,0.926,7464,1.0,CC-BY-4.0,Amazon Berkeley Objects (ABO)
desk_B07K6N5FVX,desk,B07K6N5FVX,DESK,1.2,0.76,0.55,28576,1.0,CC-BY-4.0,Amazon Berkeley Objects (ABO)
desk_B07K7663DW,desk,B07K7663DW,DESK,0.85,1.19,0.39,22934,1.1,CC-BY-4.0,Amazon Berkeley Objects (ABO)
desk_B075Z8629F,desk,B075Z8629F,DESK,0.608,0.616,0.66,7788,1.1,CC-BY-4.0,Amazon Berkeley Objects (ABO)
desk_B075ZBW1SN,desk,B075ZBW1SN,DESK,1.277,0.758,0.612,5494,1.2,CC-BY-4.0,Amazon Berkeley Objects (ABO)
desk_B07R7W7ZMP,desk,B07R7W7ZMP,DESK,0.99,0.762,0.497,2972,1.6,CC-BY-4.0,Amazon Berkeley Objects (ABO)
desk_B075Z7HQK5,desk,B075Z7HQK5,DESK,1.066,0.785,0.418,10422,1.6,CC-BY-4.0,Amazon Berkeley Objects (ABO)
desk_B07HSJDN75,desk,B07HSJDN75,DESK,1.069,0.761,0.409,1134,1.8,CC-BY-4.0,Amazon Berkeley Objects (ABO)
desk_B075ZBVZST,desk,B075ZBVZST,DESK,1.256,0.8,0.486,8426,2.0,CC-BY-4.0,Amazon Berkeley Objects (ABO)
desk_B01DJH742M,desk,B01DJH742M,DESK,0.404,0.73,0.6,6804,2.0,CC-BY-4.0,Amazon Berkeley Objects (ABO)
desk_B077HZ23BG,desk,B077HZ23BG,DESK,0.75,1.28,0.25,2562,2.0,CC-BY-4.0,Amazon Berkeley Objects (ABO)
desk_B075Z93NKX,desk,B075Z93NKX,DESK,0.814,0.981,0.462,9210,2.0,CC-BY-4.0,Amazon Berkeley Objects (ABO)
desk_B07B7DL32P,desk,B07B7DL32P,DESK,1.575,0.762,0.724,8082,2.1,CC-BY-4.0,Amazon Berkeley Objects (ABO)
desk_B075Z93NK8,desk,B075Z93NK8,DESK,1.803,0.762,0.688,18840,2.2,CC-BY-4.0,Amazon Berkeley Objects (ABO)
desk_B075Z7HQHY,desk,B075Z7HQHY,DESK,1.803,0.76,0.688,15968,2.3,CC-BY-4.0,Amazon Berkeley Objects (ABO)
desk_B07HSKSN5C,desk,B07HSKSN5C,DESK,0.982,1.809,0.515,13272,2.3,CC-BY-4.0,Amazon Berkeley Objects (ABO)
desk_B075Z8KXDK,desk,B075Z8KXDK,DESK,1.538,0.753,0.617,7340,2.3,CC-BY-4.0,Amazon Berkeley Objects (ABO)
desk_B07B7GXKCN,desk,B07B7GXKCN,DESK,1.577,1.031,0.734,25124,2.3,CC-BY-4.0,Amazon Berkeley Objects (ABO)
desk_B07B7DFS3S,desk,B07B7DFS3S,DESK,1.543,0.725,0.784,12256,2.3,CC-BY-4.0,Amazon Berkeley Objects (ABO)
desk_B07B7DL3GX,desk,B07B7DL3GX,DESK,1.499,0.762,0.813,14520,2.4,CC-BY-4.0,Amazon Berkeley Objects (ABO)
desk_B00QQNFJYC,desk,B00QQNFJYC,DESK,0.762,0.8,0.549,3463,2.4,CC-BY-4.0,Amazon Berkeley Objects (ABO)
desk_B079HXWXXD,desk,B079HXWXXD,DESK,0.979,0.723,0.491,7452,2.5,CC-BY-4.0,Amazon Berkeley Objects (ABO)
desk_B07GFWF2GM,desk,B07GFWF2GM,DESK,1.099,0.729,0.557,660,2.5,CC-BY-4.0,Amazon Berkeley Objects (ABO)
desk_B07B7DKRW4,desk,B07B7DKRW4,DESK,1.289,0.861,0.63,36650,2.6,CC-BY-4.0,Amazon Berkeley Objects (ABO)
desk_B075Z6YS29,desk,B075Z6YS29,DESK,1.2,0.854,0.565,13482,2.6,CC-BY-4.0,Amazon Berkeley Objects (ABO)
desk_B07PYT7NZ9,desk,B07PYT7NZ9,DESK,0.902,0.75,0.498,9120,2.8,CC-BY-4.0,Amazon Berkeley Objects (ABO)
desk_B075Z8KXG7,desk,B075Z8KXG7,DESK,1.479,0.762,0.684,13142,2.9,CC-BY-4.0,Amazon Berkeley Objects (ABO)
desk_B07GFLD8VP,desk,B07GFLD8VP,DESK,0.893,0.724,0.498,768,2.9,CC-BY-4.0,Amazon Berkeley Objects (ABO)
desk_B07GFLD57T,desk,B07GFLD57T,DESK,1.6,0.75,0.802,812,2.9,CC-BY-4.0,Amazon Berkeley Objects (ABO)
desk_B07GFWLSS4,desk,B07GFWLSS4,DESK,0.893,0.724,0.498,768,2.9,CC-BY-4.0,Amazon Berkeley Objects (ABO)
desk_B074L4976T,desk,B074L4976T,DESK,1.6,0.752,0.802,812,3.0,CC-BY-4.0,Amazon Berkeley Objects (ABO)
desk_B075Z93NHP,desk,B075Z93NHP,DESK,1.567,0.751,0.685,15714,3.1,CC-BY-4.0,Amazon Berkeley Objects (ABO)
desk_B07HSCN9RM,desk,B07HSCN9RM,DESK,1.204,0.917,0.384,5804,3.4,CC-BY-4.0,Amazon Berkeley Objects (ABO)
desk_B07QTKCKVB,desk,B07QTKCKVB,DESK,0.94,0.986,0.94,14052,3.4,CC-BY-4.0,Amazon Berkeley Objects (ABO)
desk_B075X41RLD,desk,B075X41RLD,DESK,1.346,0.737,1.346,32670,4.2,CC-BY-4.0,Amazon Berkeley Objects (ABO)
desk_B07K6PVP52,desk,B07K6PVP52,DESK,0.877,0.763,0.475,86296,4.2,CC-BY-4.0,Amazon Berkeley Objects (ABO)
desk_B07B7DL32H,desk,B07B7DL32H,DESK,0.906,1.88,0.348,35062,4.3,CC-BY-4.0,Amazon Berkeley Objects (ABO)
desk_B07B7DMLPL,desk,B07B7DMLPL,DESK,1.59,0.751,0.711,66560,4.8,CC-BY-4.0,Amazon Berkeley Objects (ABO)
desk_B07QJJXBV8,desk,B07QJJXBV8,DESK,0.991,0.66,0.498,24624,5.3,CC-BY-4.0,Amazon Berkeley Objects (ABO)
desk_B07B7DFR8X,desk,B07B7DFR8X,DESK,1.289,0.912,0.61,60832,5.6,CC-BY-4.0,Amazon Berkeley Objects (ABO)
desk_B07QB6C9R8,desk,B07QB6C9R8,DESK,0.991,0.66,0.499,5340,6.4,CC-BY-4.0,Amazon Berkeley Objects (ABO)
